파츠번호,굿즈연결,출시일,최근입하일,최근입하수량
PT2833,퀵 버튼링 노트,2023-09-04,2025-09-29,3000
PT3360,굿데이 볼캡,2024-05-14,2026-06-24,1000
PT4886,챔피언 피규어 트로피,2025-06-27,2025-11-06,3000
PT4888,챔피언 피규어 트로피,2025-06-27,2025-10-02,3000
PT4890,챔피언 피규어 트로피,2025-06-27,2025-09-30,3000
PT4902,심볼 아크릴 트로피,2025-06-30,2025-09-30,2000
PT4903,심볼 아크릴 트로피,2025-06-30,2025-09-30,2000
PT4954,챔피언 피규어 트로피,2025-06-27,,0
PT4904,심볼 아크릴 트로피,2025-06-30,,0
PT4957,챔피언 피규어 트로피,2025-06-27,,0
PT0889,모바일 오피스 파우치,2020-08-26,2025-06-11,1000
PT2228,브랜디드 노트북백,2022-04-21,2026-03-19,1000
PT2231,브랜디드 노트북백,2022-04-21,,0
PT2969,메시지 캐리어 파우치,2022-10-06,2026-07-14,500
PT2970,메시지 캐리어 파우치,2022-10-06,2025-11-06,1000
PT3331,테크 미니 파우치,2024-02-23,2026-04-30,3000
PT3353,메시지 캐리어 파우치,2022-10-06,2026-06-22,500
PT1679,톤앤톤 쿨러백,2021-05-11,2026-07-14,1000
PT2827,더블업 트래블 파우치,2023-05-19,2026-05-29,2000
PT2828,"더블업 트래블 파우치, 브랜디드 노트북백, 데일리 짐색",2022-04-21,2026-07-15,2000
PT3193,"굿스타트 슈즈백, 트래블 2in1 목베개, 웜업 스트링 후드집업, 슬로건 맨투맨",2023-06-20,2026-02-04,2000
PT0493,"RE:CUP, 스탠리 데일리 텀블러",2020-10-01,2026-06-19,2000
PT0761,"뮤지엄 머그, 밀크 에코컵",2019-08-01,2026-04-06,2000
PT0874,"매트블랙 텀블러, 테스트",2019-03-01,2026-03-13,2000
PT0878,매트블랙 텀블러,2019-03-01,2026-05-08,5000
PT0901,뮤지엄 머그,2019-08-01,2025-03-25,2500
PT0908,뮤지엄 머그,2019-08-01,,0
PT0952,스파클링 유리컵,2021-08-23,,0
PT1705,페이머스 캡슐보틀,2020-04-01,,0
PT1707,페이머스 캡슐보틀,2020-04-01,2024-09-23,2000
PT1730,폴더블 텀블러,2020-06-01,,0
PT1733,폴더블 텀블러,2020-06-01,2024-06-21,1000
PT2077,클리어 리유저블컵,2022-02-10,2026-05-06,2016
PT2078,클리어 리유저블컵,2022-02-10,,0
PT2079,클리어 리유저블컵,2022-02-10,2026-05-06,1080
PT2080,클리어 리유저블컵,2022-02-10,,0
PT2089,,,,0
PT2106,클리어 리유저블컵,2022-02-10,2026-06-18,1000
PT2377,레터링 유리머그,2022-05-19,2025-11-05,5
PT2741,슈가케인 텀블러,2023-01-09,2026-02-06,3000
PT2742,슈가케인 텀블러,2023-01-09,2025-07-01,1412
PT2817,어텐션 스포츠 보틀,2023-05-08,2025-09-18,3000
PT2824,"어텐션 스포츠 보틀, 미스트 워터보틀, 스탠리 슬림 보틀",2023-05-08,2026-03-04,3000
PT3400,스탠리 데일리 텀블러,2024-10-31,2026-05-13,53
PT3401,스탠리 데일리 텀블러,2024-10-31,2026-06-12,102
PT3854,미스트 워터보틀,2024-02-29,2026-05-08,5000
PT3855,미스트 워터보틀,2024-02-29,2026-01-30,500
PT3856,미스트 워터보틀,2024-02-29,2026-01-28,500
PT4391,스탠리 데일리 텀블러,2024-10-31,2026-06-02,102
PT4476,스탠리 슬림 보틀,2024-11-01,2026-02-20,61
PT4477,스탠리 슬림 보틀,2024-11-01,2026-01-07,105
PT4478,스탠리 슬림 보틀,2024-11-01,2026-03-27,31
PT4615,올데이 텀블러,2024-05-30,2025-10-15,3000
PT0571,RE:CUP,2020-10-01,2025-05-12,1000
PT0950,스파클링 유리컵,2021-08-23,,0
PT1354,아이콘 콜드컵,2020-04-01,2025-05-26,1000
PT1708,페이머스 캡슐보틀,2020-04-01,2025-06-02,1000
PT3159,어텐션 스포츠 보틀,2023-05-08,2026-03-13,800
PT3341,미스트 워터보틀,2024-02-29,2025-12-22,1000
PT4392,"스탠리 데일리 텀블러, 스탠리 슬림 보틀",2024-10-31,2026-04-17,1000
PT1583,"레터링 유리머그, 미니멀 스텐머그",2022-05-19,2026-02-12,2000
PT0453,"MiiR 텀블러, RE:CUP, Carry me 와인잔, 리틀빅 리유저블컵, 슈가케인 텀블러",2020-10-01,2026-06-18,3000
PT1695,퍼 블랭킷,2019-10-01,2025-11-04,1000
PT2717,굿이너프 비치타월,2018-08-07,,0
PT3334,인마이백 피크닉매트,2024-01-30,2025-01-10,2000
PT3335,인마이백 피크닉매트,2024-01-30,2025-01-20,1000
PT4713,브릭 메모&캘린더 스탠드,2025-07-25,2026-02-11,179
PT4714,브릭 메모&캘린더 스탠드,2025-07-25,2025-11-17,5000
PT4715,브릭 메모&캘린더 스탠드,2025-07-25,2026-01-13,2500
PT1493,"Open 페이퍼박스, 주차번호판 피규어세트, 팝업스토어 피규어 세트, 디스플레이 피규어 세트, 카드트레이 피규어 세트, 브릭 메모&캘린더 스탠드, 브릭 메모&캘린더 스탠드2.0",2020-09-25,2026-06-26,3000
PT1517,"미니가든 피규어 세트, Carry me 와인잔, 레터링 유리머그",2021-02-23,2025-04-07,2000
PT1718,"페이퍼 샤쉐, 프리미엄 린넨샤쉐",2019-02-12,2026-06-08,1020
PT1800,"프리미엄 린넨샤쉐, 페이퍼 샤쉐",2019-02-12,2026-06-08,1020
PT1803,"페이퍼 샤쉐, 프리미엄 린넨샤쉐",2019-02-12,2026-06-08,1020
PT1619,클래시 차량용 방향제,2021-08-17,2026-01-19,5000
PT1719,"페이퍼 샤쉐, 프리미엄 린넨샤쉐",2019-02-12,2026-05-19,6000
PT1802,"프리미엄 린넨샤쉐, 페이퍼 샤쉐",2019-02-12,2026-05-14,6000
PT0400,Basket 패키지,2020-04-09,,0
PT0403,Basket 패키지,2020-04-09,2026-01-29,505
PT0404,Basket 패키지,2020-04-09,2025-06-30,500
PT0407,Basket 패키지,2020-04-09,,0
PT0475,ECO 페이퍼박스,2021-03-18,2025-10-30,2000
PT0477,ECO 페이퍼박스,2021-03-18,2025-07-14,3000
PT0534,Passion 더스트백,2018-10-26,2026-02-25,1000
PT0542,Quality 슬리브 박스,2019-08-28,2026-06-10,1000
PT0543,Quality 슬리브 박스,2019-08-28,2026-06-10,1000
PT0562,Raw 코튼 파우치,2021-03-22,,0
PT0563,Raw 코튼 파우치,2021-03-22,2026-04-14,1000
PT0576,Reinvent 박스,2020-09-09,2025-09-30,1000
PT0579,Simple 슬라이드지퍼백,2018-10-26,2026-04-02,1000
PT0580,Simple 슬라이드지퍼백,2018-10-26,2026-05-15,2000
PT2812,Tailored 스트랩 박스,2022-09-30,2025-08-25,2000
PT2813,Tailored 스트랩 박스,2022-09-30,2025-01-14,1500
PT2814,Tailored 스트랩 박스,2022-09-30,2025-08-26,2000
PT2815,Tailored 스트랩 박스,2022-09-30,2025-06-11,500
PT2829,Advent 굿즈박스,2023-07-21,2025-03-17,500
PT2844,Passion 더스트백,2018-10-26,2026-04-06,1000
PT2853,Stationery 페이퍼박스,2023-09-20,2025-11-19,3000
PT3343,Storage 펄프 박스,2024-04-26,,0
PT3344,Storage 펄프 박스,2024-04-26,2025-02-21,5000
PT3391,Motion 스탠다드 박스,2024-09-13,2024-08-29,1000
PT3392,Motion 스탠다드 박스,2024-09-13,2025-05-13,2000
PT3393,Motion 스탠다드 박스,2024-09-13,2024-08-29,1000
PT3394,"Motion 스탠다드 박스, Motion 커스텀 박스",2024-09-13,2024-08-29,3000
PT3395,"Motion 스탠다드 박스, Motion 커스텀 박스",2024-09-13,2025-09-30,3000
PT3396,"Motion 스탠다드 박스, Motion 커스텀 박스",2024-09-13,2024-08-29,3000
PT4405,HighLight 슬라이드 지퍼백,2025-03-21,2025-09-19,1000
PT4751,HighLight 슬라이드 지퍼백,2025-03-21,2026-04-02,1000
PT4752,HighLight 슬라이드 지퍼백,2025-03-21,2026-04-02,1000
PT4760,Solid 스탠다드 G형 박스,2020-02-17,2025-09-30,9000
PT4761,Solid 스탠다드 G형 박스,2020-02-17,2025-09-30,2000
PT0506,Open 페이퍼박스,2020-09-25,2025-10-22,1000
PT0510,Open 페이퍼박스,2020-09-25,,0
PT0518,Open 페이퍼박스,2020-09-25,2024-09-10,1000
PT0521,Open 페이퍼박스,2020-09-25,2025-10-27,1000
PT0526,Open 페이퍼박스,2020-09-25,2025-09-18,1000
PT0529,Open 페이퍼박스,2020-09-25,,0
PT0548,"Quality 슬리브 박스, Solid 스탠다드 G형 박스, Solid 커스텀 G형 박스",2019-08-28,2026-05-08,2000
PT0549,"Quality 슬리브 박스, Solid 스탠다드 G형 박스, Solid 커스텀 G형 박스",2019-08-28,2026-04-28,2000
PT0553,Solid 스탠다드 G형 박스,2019-08-28,,0
PT0554,"Quality 슬리브 박스, Solid 스탠다드 G형 박스, Solid 커스텀 G형 박스",2019-08-28,2026-05-15,2000
PT0555,"Quality 슬리브 박스, Solid 스탠다드 G형 박스, Solid 커스텀 G형 박스",2019-08-28,2026-04-06,3000
PT0572,Reinvent 박스,2020-09-09,2025-04-17,2000
PT0575,Reinvent 박스,2020-09-09,,0
PT0578,Reinvent 박스,2020-09-09,2025-05-12,2000
PT2830,Advent 굿즈박스,2023-07-21,2024-02-14,500
PT3345,Storage 펄프 박스,2024-04-26,2026-02-03,2000
PT3346,Storage 펄프 박스,2024-04-26,2024-03-28,1000
PT3347,Storage 펄프 박스,2024-04-26,2025-05-14,2000
PT3363,Storage 펄프 박스,2024-04-26,2025-12-08,6000
PT3399,Motion 스탠다드 박스,2024-09-13,2025-05-14,2000
PT4753,HighLight 슬라이드 지퍼백,2025-03-21,2025-03-13,5000
PT5178,블랙쇼핑백,2025-11-26,2026-01-26,200
PT5179,블랙쇼핑백,2025-11-26,2026-05-11,100
PT5180,블랙쇼핑백,2025-11-26,2025-11-26,100
PT2115,,,2024-04-22,2000
PT0532,모바일 오피스 파우치,2020-08-26,2025-05-28,1000
PT0536,"Passion 더스트백, 아이콘 콜드컵, 클리어 리유저블컵",2018-10-26,2026-04-02,1000
PT1109,화이트쇼핑백,2021-06-29,,0
PT1111,화이트쇼핑백,2021-06-29,2025-12-02,160
PT4762,"Solid 스탠다드 G형 박스, 브랜디드 타월",2020-02-17,2026-07-09,3000
PT0557,"Quality 슬리브 박스, Solid 스탠다드 G형 박스, Solid 커스텀 G형 박스",2019-08-28,2026-04-28,1000
PT0558,"Quality 슬리브 박스, Solid 스탠다드 G형 박스, Solid 커스텀 G형 박스",2019-08-28,,0
PT1136,스탠드-업 칫솔,2019-08-26,2026-05-26,2000
PT1139,스탠드-업 칫솔,2019-08-26,2025-10-14,1000
PT1373,"애드온 뱃지, 마그넷 오프너",2020-10-19,2026-05-29,1000
PT1753,프라우드 투톤 명함지갑,2021-09-06,2026-06-05,1000
PT1779,"프레젠트 골프공 3구, 에디션 골프공 & 볼마커 6구 세트",2021-02-05,2026-07-16,312
PT2117,스타트 씨드키트,2022-02-25,2026-04-14,10000
PT2143,낫씽 설거지비누,2022-03-30,2025-04-29,1000
PT2152,낫씽 설거지비누,2022-03-30,,0
PT2161,낫씽 설거지비누,2022-03-30,,0
PT2183,리프레쉬 고체치약,2022-04-29,2024-09-10,2000
PT2242,포터블 피크닉 롤테이블,2022-04-13,2025-08-08,1000
PT2243,레더라벨 캠핑체어,2022-04-07,2025-01-13,1000
PT2268,레더라벨 캠핑체어,2022-04-07,2025-11-05,1000
PT2391,낫씽 설거지비누,2022-03-30,,0
PT2405,베케이션 여권케이스,2022-06-15,2026-05-13,1000
PT2822,레디고 런치박스,2023-03-24,2025-09-03,500
PT2823,레디고 런치박스,2023-03-24,2025-09-03,500
PT2826,아쿠아 마스크,2023-05-26,,0
PT2832,올웨이즈 양우산,2023-08-08,2025-10-29,5000
PT3205,바이브 캠핑쿨러,2023-06-09,2025-08-26,1000
PT3323,위시 오브제 캔들,2023-10-17,2025-03-21,1000
PT3325,리마커블 칫솔살균기,2022-01-28,2026-04-15,2000
PT3330,스탠드-업 칫솔,2019-08-26,2026-07-06,900
PT4239,리프레쉬 고체치약,2022-04-29,2025-03-11,2000
PT4708,어드벤스 3단 자동우산,2025-08-12,2026-05-19,4000
PT4732,클로저 휴대폰 스트랩,2025-11-05,2026-05-15,3000
PT4766,브랜디드 타월,2025-05-23,2026-07-15,1000
PT4767,브랜디드 타월,2025-05-23,2026-06-05,1000
PT4768,브랜디드 타월,2025-05-23,2026-05-04,10000
PT1017,브랜드 스트랩 단우산,2019-09-27,2025-07-21,1000
PT2118,스타트 씨드키트,2022-02-25,2026-03-26,5000
PT2125,스타트 씨드키트,2022-02-25,2026-04-10,5000
PT2163,낫씽 설거지비누,2022-03-30,,0
PT2267,낫씽 설거지비누,2022-03-30,,0
PT2283,레더라벨 캠핑체어,2022-04-07,2025-05-12,2000
PT2293,포터블 피크닉 롤테이블,2022-04-13,2026-03-20,300
PT2330,스타트 씨드키트,2022-02-25,,0
PT2331,스타트 씨드키트,2022-02-25,,0
PT2825,레디고 런치박스,2023-03-24,2025-08-29,1050
PT2831,바이브 캠핑쿨러,2023-06-09,2025-05-14,1000
PT2846,바이브 캠핑쿨러,2023-06-09,2025-09-25,500
PT2848,트래블 2in1 목베개,2023-09-21,2025-05-26,1000
PT3175,아쿠아 마스크,2023-05-26,,0
PT3324,위시 오브제 캔들,2023-10-17,2026-01-05,500
PT3369,홀리데이 네임택,2024-06-21,2025-09-08,5000
PT4709,어드벤스 3단 자동우산,2025-08-12,,0
PT4750,클로저 휴대폰 스트랩,2025-11-05,2025-11-10,3000
PT4791,클로저 휴대폰 스트랩,2025-11-05,2025-11-12,5000
PT1780,"프레젠트 골프공 3구, 클래시 차량용 방향제, 에디션 골프공 & 볼마커 6구 세트",2021-02-05,2026-05-27,150
PT2187,"리프레쉬 고체치약, 린넨메쉬스트링파우치, 라운드 밤부 칫솔",2021-05-19,2025-03-06,3000
PT2294,"레더라벨 캠핑체어, 포터블 피크닉 롤테이블, 펠트백",2022-04-07,2026-03-19,500
PT1073,"프리미엄 스트링 후드집업, 메시지 캐리어 파우치, 트래블 2in1 목베개, 웜업 스트링 후드집업, 슬로건 맨투맨",2020-11-18,2025-10-15,1000
PT1729,"포시즌 블랭킷, 메시지 캐리어 파우치",2020-12-08,2025-06-20,3000
PT5069,아임히어 리플렉터 키링,2025-08-26,2026-05-29,5000
PT0712,내추럴 노트,2021-08-09,2026-01-06,3000
PT0715,내추럴 노트,2021-08-09,2025-08-22,2000
PT0721,내추럴 노트,2021-08-09,2025-08-22,1000
PT0832,레더스킨 다이어리,2021-08-03,2025-06-30,2000
PT0833,레더스킨 다이어리,2021-08-03,2026-04-23,3000
PT1030,브랜드-잇,2018-12-04,2026-03-20,5000
PT1093,"센텐스 펜, 스펙트럼 컬러펜, 트리플 컬러펜 | JETSTREAM, 아이콘 펜, 와이드클립 펜, 라이트 샤오미펜",2019-02-25,2026-04-21,3000
PT1116,슈가케인 펜,2021-05-21,2026-04-17,300
PT1125,슈가케인 펜,2021-05-21,2026-04-17,300
PT1197,스펙트럼 컬러펜,2019-02-25,2026-06-12,16050
PT1201,스펙트럼 컬러펜,2019-02-25,2026-06-12,2000
PT1236,슬로건 다이어리,2018-08-01,2026-02-23,3000
PT1239,슬로건 다이어리,2018-08-01,2026-02-06,3000
PT1464,올 블랙 펜,2019-08-23,2026-01-05,2000
PT1569,컬러풀 노트패드(블랙),2019-04-01,2026-05-28,1000
PT2248,아트워크 레더 다이어리,2022-07-25,2026-03-18,1000
PT2250,아트워크 레더 다이어리,2022-07-25,2026-03-20,1000
PT2472,트리플 컬러펜 | JETSTREAM,2022-07-14,2026-04-29,1000
PT2473,트리플 컬러펜 | JETSTREAM,2022-07-14,2026-05-08,500
PT2802,아이콘 펜,2022-09-20,2026-01-20,5000
PT2809,"페이퍼링 캘린더, 썸네일 캘린더",2021-09-03,2025-11-04,5000
PT2811,"썸네일 캘린더, 페이퍼링 캘린더",2021-09-03,2025-11-17,2000
PT2834,퀵 버튼링 노트,2023-09-04,2025-02-10,2000
PT2836,퀵 버튼링 노트,2023-09-04,2026-05-04,7000
PT2839,프라우드 메모패드,2023-08-28,2026-02-04,1000
PT2841,프라우드 메모패드,2023-08-28,2026-02-04,1000
PT2852,퀵 버튼링 노트,2023-09-04,2025-02-10,2000
PT2962,아이콘 펜,2022-09-20,2024-08-22,5000
PT3321,밸류보드 다이어리,2020-08-06,2025-01-31,2000
PT3322,퀵 버튼링 노트,2023-09-04,2025-02-10,2000
PT3329,슈가케인 펜,2021-05-21,,0
PT3365,와이드클립 펜,2024-06-11,2025-08-01,11000
PT3366,와이드클립 펜,2024-06-11,2025-08-01,14000
PT4400,라이트 샤오미펜,2024-12-26,2026-04-15,5000
PT4716,밸류 메모큐브,2021-04-30,2026-05-15,1000
PT4717,밸류 메모큐브,2021-04-30,2025-09-15,1008
PT4718,밸류 메모큐브,2021-04-30,2026-03-12,500
PT4719,밸류 메모큐브,2021-04-30,2026-03-12,500
PT4882,시그니처 다이어리,2024-07-19,2026-04-29,2000
PT4883,시그니처 다이어리,2024-07-19,2025-09-29,6000
PT4986,"몰스킨 2026 다이어리, 몰스킨 데일리 노트",2025-08-05,2026-01-22,1000
PT0859,"리유저블 캘린더, 테스트",2021-09-13,2026-02-10,2000
PT0947,"내추럴 노트, 밸류보드 다이어리",2020-08-06,2025-11-28,21640
PT0948,"리유저블 캘린더, 테스트",2021-09-13,2024-12-20,21890
PT1560,슈가케인 펜,2021-05-21,2025-07-14,3000
PT2805,페이퍼링 캘린더,2022-08-26,,0
PT2837,퀵 버튼링 노트,2023-09-04,2025-07-18,2000
PT3373,"시그니처 다이어리, 시그니처 다이어리",2024-07-19,2026-04-08,1000
PT3375,"시그니처 다이어리, 시그니처 다이어리",2024-07-19,2025-08-19,200
PT3376,"시그니처 다이어리, 시그니처 다이어리",2024-07-19,2026-06-29,300
PT3377,"시그니처 다이어리, 시그니처 다이어리",2024-07-19,2026-06-29,500
PT3378,"시그니처 다이어리, 시그니처 다이어리",2024-07-19,2026-06-29,300
PT3379,"시그니처 다이어리, 시그니처 다이어리",2024-07-19,2026-02-27,500
PT3380,"시그니처 다이어리, 시그니처 다이어리",2024-07-19,2025-08-19,1000
PT3381,"시그니처 다이어리, 시그니처 다이어리",2024-07-19,2025-12-09,500
PT3382,"시그니처 다이어리, 시그니처 다이어리",2024-07-19,2025-12-04,500
PT3383,"시그니처 다이어리, 시그니처 다이어리",2024-07-19,2026-06-29,300
PT3384,"시그니처 다이어리, 시그니처 다이어리",2024-07-19,2025-12-16,200
PT3385,"시그니처 다이어리, 시그니처 다이어리",2024-07-19,2026-02-27,200
PT4595,라이트 샤오미펜,2024-12-26,2026-03-17,500
PT1572,"컬러풀 노트패드(블랙), 컬러풀 노트패드, Simple 슬라이드지퍼백, 임팩트 슬로건타월",2018-10-26,2026-04-02,1000
PT1147,"슈가케인 펜, 스탠드-업 칫솔, 라운드 밤부 칫솔",2019-08-26,2025-07-15,10000
PT0388,핸디링 미니 선풍기,2024-04-05,2026-07-07,3000
PT0733,노트북 스탠드패드,2020-09-08,2026-05-04,1000
PT0736,노트북 스탠드패드,2020-09-08,2025-10-24,1000
PT0944,"데스크테리어 매트, 오피스 마우스패드",2019-11-01,2026-06-19,1000
PT0945,데스크테리어 매트,2022-01-17,2025-07-08,1000
PT1108,소프트터치 블루투스 키보드,2020-10-22,2025-04-30,1000
PT1459,오피스 마우스패드,2019-11-01,2025-05-13,1000
PT1500,웹캠 커버,2019-08-23,2024-03-05,5000
PT2446,,,2024-12-10,1000
PT3339,"핸디링 미니 선풍기, 핸디링 미니 선풍기",2024-04-05,2026-06-10,2000
PT3348,"리멤버 탁상시계, 그래픽배너 대용량 보조배터리, 디테일 드라이버 키트",2019-11-22,2026-06-30,2000
PT3354,스탠딩 휴대용 선풍기,2024-03-29,2025-04-11,2000
PT3370,플러스 멀티충전 스테이션,2024-08-08,2026-02-06,1000
PT3900,리멤버 탁상시계,2024-08-06,2026-05-11,500
PT4093,프라임 폴더블 멀티충전기,2024-06-14,2026-07-06,300
PT4330,히트업 손난로 보조배터리,2024-09-12,2026-06-11,202
PT4331,히트업 손난로 보조배터리,2024-09-12,2025-11-20,300
PT4402,월드와이드 멀티어댑터,2025-03-12,2026-06-18,1000
PT4696,킵세이프 마그넷 배터리 Slim,2025-05-30,2026-03-24,1500
PT4710,브릭스탠드 멀티충전기,2025-08-05,2026-05-07,4000
PT4711,브릭스탠드 멀티충전기,2025-08-05,,0
PT4712,브릭스탠드 멀티충전 스테이션,2025-08-05,,0
PT4721,오아시스 미니 마사지건,2025-11-24,2025-11-25,760
PT4722,오아시스 미니 마사지건,2025-11-24,2025-11-25,760
PT4726,"킵세이프 마그넷 배터리 Max, 킵세이프 마그넷 배터리 Slim",2025-09-25,2026-05-21,3000
PT4729,커넥트 6in1 케이블키트,2025-10-23,2026-07-07,5000
PT4737,"월드와이드 멀티어댑터, 월드와이드 멀티어댑터",2025-03-12,2026-06-19,300
PT4754,칠링패드 냉각선풍기,2025-03-31,2026-07-07,3000
PT4755,"칠링패드 냉각선풍기, 칠링패드 냉각선풍기",2025-03-31,2026-06-25,500
PT4756,아이콘 케이블홀더 세트,2025-05-21,2026-01-26,3000
PT4757,아이콘 케이블홀더 세트,2025-05-21,2026-01-26,3000
PT4763,파워업 PD 충전기 65W,2025-06-20,2026-04-02,3000
PT4764,파워업 PD 충전기 65W,2025-06-20,,0
PT5148,"퀵차지 도킹형 보조배터리, 퀵차지 도킹형 보조배터리",2024-08-13,2026-06-26,500
PT0989,버티컬 무선충전패드,2020-08-11,2025-10-20,2000
PT2613,"베이직 도킹형 보조배터리, 퀵차지 도킹형 보조배터리",2024-07-24,2026-02-26,60
PT3314,어썸그립,2020-11-02,,0
PT3349,리멤버 탁상시계,2024-08-06,2026-05-28,2000
PT3355,스탠딩 휴대용 선풍기,2024-03-29,2026-06-10,1000
PT4403,월드와이드 멀티어댑터,2025-03-12,2026-03-11,2000
PT4727,킵세이프 마그넷 배터리 Max,2025-09-25,2026-03-27,5000
PT4730,커넥트 6in1 케이블키트,2025-10-23,,0
PT4731,커넥트 6in1 케이블키트,2025-10-23,2026-07-07,5500
PT4758,아이콘 케이블홀더 세트,2025-05-21,2025-08-06,5300
PT4759,아이콘 케이블홀더 세트,2025-05-21,2025-08-06,5300
PT4769,킵세이프 마그넷 배터리 Slim,2025-05-30,2026-04-01,3000
PT4844,아이콘 케이블홀더 세트,2025-05-21,2026-04-06,3000
PT4646,"밸류 무선충전 마우스패드, 베이직 무선충전 마우스패드",2025-01-23,2026-07-10,3000
PT2131,올데이 텀블러,2024-05-30,2025-09-29,1000
PT0588,"SNOW 손난로 & 보조배터리, 프라우드 투톤 명함지갑, 리마커블 칫솔살균기, 베이직 도킹형 보조배터리, 퀵차지 도킹형 보조배터리",2021-09-06,2026-07-07,5000
PT0996,"버티컬 무선충전패드, 스트레치 사원증 홀더, 베케이션 여권케이스, 드레스업 손거울",2020-08-11,2025-07-18,2000
PT1046,"프라우드 투톤 명함지갑, 리마커블 칫솔살균기, 베이직 도킹형 보조배터리, 퀵차지 도킹형 보조배터리, 히트업 손난로 보조배터리",2021-09-06,2025-10-16,9000
PT2169,에센셜 와인오프너 세트,2024-11-07,2026-04-28,1000
PT2995,에센셜 와인오프너 세트,2024-11-07,2026-04-16,1000
PT1431,오토매틱 와인오프너,2019-12-05,2025-09-30,1000
PT3200,"Carry me 와인잔, Carry me 와인잔, 셀렉티브 전동오프너&와인잔 세트",2021-03-19,2026-07-14,1440
PT3201,"Carry me 와인잔, Carry me 와인잔, 셀렉티브 전동오프너&와인잔 세트",2021-03-19,2026-07-14,1440
PT3202,Carry me 와인잔,2021-03-19,2026-05-06,305
PT3203,Carry me 와인잔,2021-03-19,2026-07-15,755
PT4393,셀렉티브 전동오프너&와인잔 세트,2024-11-07,2025-04-30,1000
PT4394,셀렉티브 전동오프너&와인잔 세트,2024-11-07,2024-10-29,1000
PT4395,셀렉티브 전동오프너&와인잔 세트,2024-11-07,2025-07-31,1000
PT1787,"Open 페이퍼박스, 주차번호판 피규어세트, 팝업스토어 피규어 세트, 디스플레이 피규어 세트, 카드트레이 피규어 세트, 브릭 메모&캘린더 스탠드, 브릭 메모&캘린더 스탠드2.0",2020-09-25,2026-06-15,1000
PT0501,MiiR 텀블러,2020-11-19,2026-04-13,2000
PT4795,올웨이즈 양우산,2023-08-08,2026-04-14,3000
PT4792,브릭 메모&캘린더 스탠드 2.0,2026-04-15,2026-07-07,4000
PT4830,솔리드 레디백,2026-04-15,2026-07-13,500
PT4842,솔리드 레디백,2026-04-15,,0
PT4843,솔리드 레디백,2026-04-15,,0
PT4856,어텐션 스포츠 보틀,2023-05-08,2026-05-04,3000
PT4865,어텐션 스포츠 보틀,2023-05-08,,0
PT4870,어텐션 스포츠 보틀,2023-05-08,,0
PT5017,하우스 핸드타월,2026-02-13,2026-04-01,1000
PT5264,컴포트 스텐머그,2026-04-14,2026-04-03,500
PT5361,스탠바이 빅팬선풍기,2026-04-14,2026-06-15,1000
PT5311,올데이 텀블러,2024-05-30,2026-04-30,1500
PT5312,올데이 텀블러,2024-05-30,,0
PT5313,올데이 텀블러,2024-05-30,,0
PT5289,모바일 오피스 파우치 2.0,2026-04-20,2026-03-17,1000
PT4905,하우스 핸드타월,2026-04-20,2026-04-01,2000
PT4899,하우스 핸드타월,2026-03-31,2026-04-01,2000
PT4819,아트워크 타월,2026-04-17,2026-07-15,2000
PT5385,슬림 터보 선풍기,2026-04-17,2026-04-20,1000
PT5383,슬림 터보 선풍기,2026-04-20,2026-05-13,1000
PT5309,하우스 핸드타월,2021-08-17,2026-05-06,5000
PT1617,클래시 차량용 방향제,2021-08-17,2026-05-08,1500
PT5314,어반 스텐 런치박스 ,2026-04-27,2026-05-04,3000
PT5315,어반 스텐 런치박스 ,2026-04-27,,0
PT5316,어반 스텐 런치박스 ,2026-03-31,,0
PT5318,아트워크 타월,2026-04-17,2026-05-04,5000
PT5430,킵세이프 마그넷 배터리 Lite,2025-09-25,2026-06-12,1000
PT5412,Lite 스트랩 박스,2026-05-22,2026-07-03,1000
PT5465,Lite 스트랩 박스,2026-05-22,2026-06-30,1000
PT5408,에브리 폴더블 멀티충전기,2026-06-01,2026-06-11,1000
PT5023,픽미 핸들 텀블러 ,출시 전,2026-06-17,1100
PT5498,Display 스트랩 박스,2026-06-19,2026-06-17,500
PT5499,Display 스트랩 박스,2026-06-19,2026-06-17,500
PT5500,Display 스트랩 박스,2026-06-19,2026-06-17,500
PT5501,Display 스트랩 박스,2026-06-19,2026-06-17,500
PT5021,워크데이 런치백,출시 전,,0
PT5022,워크데이 런치백,출시 전,,0
PT5326,그로우 북라이트 ,출시 전,,0
PT5327,그로우 북라이트 ,출시 전,,0
PT5328,그로우 북라이트 ,출시 전,,0
PT5548,소프트그립블랙펜,출시 전,,0
PT5319,베러댄 텀블러 ,출시 전,,0
PT5320,베러댄 텀블러 ,출시 전,,0
PT5321,베러댄 텀블러 ,출시 전,,0
PT5323,픽미 핸들 텀블러 ,출시 전,,0
PT5324,픽미 핸들 텀블러 ,출시 전,,0
PT5325,픽미 핸들 텀블러 ,출시 전,,0
PT5322,"픽미 핸들 텀블러, 베러댄 텀블러 ",출시 전,,0
PT5549,마이타입 4-Way 백팩,2026-07-16,,0
PT1618,,,,0
PT3231,,,,0
PT4014,,,2024-05-22,100
PT4872,,,,0
PT4922,,,,0
PT4898,,,,0
PT5310,,,,0
PT5558,,,,0
PT1312,,,2025-05-12,1000
PT1603,,,,0
PT0895,,,,0
PT1317,,,2025-04-04,600
PT1314,,,2025-05-12,1000
PT0988,,,2024-12-31,500
PT1318,,,2025-04-21,5000
PT1319,,,,0
PT1414,,,,0
PT2227,,,2024-06-17,1000
PT2236,,,2026-02-11,1100
PT2300,,,,0
PT2429,,,,0
PT3239,,,,0
PT3240,,,,0
PT3232,,,,0
PT3389,,,2024-12-24,10000
PT4723,,,2026-01-26,400
PT4724,,,,0
PT4725,,,,0
PT4707,,,,0
PT5317,,,,0
PT1664,,,,0
PT1650,,,,0
PT1212,,,,0
PT1221,,,,0
PT1213,,,,0
PT2474,,,,0
PT1211,,,,0
PT1202,,,,0
PT1200,,,,0
PT1199,,,,0
PT1204,,,,0
PT4263,,,,0
PT1220,,,,0
PT1205,,,,0
PT4796,,,,0
PT0804,,,,0
PT0806,,,,0
PT0797,,,,0
PT0789,,,,0
PT0805,,,,0
PT0814,,,2026-05-08,157
PT0808,,,,0
PT0807,,,,0
PT5103,,,,0
PT4262,,,,0
PT4680,,,,0
PT3149,,,,0
PT4681,,,,0
PT4679,,,,0
PT0714,,,,0
PT1164,,,,0
PT1163,,,,0
PT1162,,,,0
PT0713,,,,0
PT3442,,,,0
PT3007,,,,0
PT4900,,,,0
PT4901,,,,0
PT1682,,,,0
PT1685,,,,0
PT1684,,,,0
PT1203,,,,0
PT4657,,,,0
PT4332,,,,0
PT2803,,,2024-11-04,5000
PT3267,,,,0
PT3086,,,,0
PT3268,,,,0
PT1024,,,,0
PT3446,,,,0
#N/A,,,2025-01-21,1500
PT2804,,,2024-09-23,10000
PT2182,,,2024-04-26,1000
PT2370,,,2024-11-04,112
PT0503,,,2024-02-14,500
PT2371,,,2024-11-13,54
PT1433,,,2024-08-08,70
PT2395,,,2024-08-08,280
PT3766,,,2025-03-10,1000
PT0709,,,2024-04-08,5000
PT0711,,,2024-04-08,2000
PT0710,,,2024-04-08,2000
PT3332,,,2024-08-05,3000
PT3771,,,2025-04-09,1000
PT1085,,,2024-07-08,400
PT2738,,,2024-03-11,1000
PT3340,,,2024-07-17,155
PT3283,,,2025-04-21,6000
PT1792,,,2024-08-05,2000
PT3361,,,2024-04-09,200
PT2733,,,2024-04-16,500
PT0606,,,2025-01-31,3000
PT2375,,,2025-09-19,14800
PT1850,,,2025-11-27,2000
PT1851,,,2025-11-27,2000
PT3135,,,2024-05-13,3000
PT0848,,,2024-10-15,5400
PT2820,,,2024-11-21,1000
PT3362,,,2025-02-03,111
PT3364,,,2025-03-12,7000
PT3358,,,2025-05-09,1000
PT0847,,,2024-10-15,5790
PT2611,,,2024-11-14,60
PT3374,,,2024-05-13,1000
PT3357,,,2024-11-25,1000
PT4015,,,2024-05-20,500
PT4012,,,2024-05-20,100
PT3962,,,2024-06-05,300
PT0602,,,2024-11-28,5000
PT3990,,,2024-06-21,300
PT0601,,,2025-01-22,2000
PT4075,,,2024-07-15,210
PT2999,,,2024-07-31,704
PT1114,,,2024-07-17,503
PT3371,,,2024-12-09,3000
PT3386,,,2024-12-09,1500
PT3388,,,2024-08-09,3000
PT3390,,,2024-07-19,12000
PT1446,,,2024-07-23,500
PT3167,,,2024-07-24,3000
PT2821,,,2024-07-29,1000
PT1444,,,2024-08-28,500
PT1445,,,2024-08-28,500
PT1324,,,2025-01-02,6000
PT1399,,,2024-12-23,4000
PT0853,,,2024-12-23,2000
PT3292,,,2024-09-24,2000
PT1443,,,2024-10-02,1000
PT2234,,,2024-10-17,2000
PT1400,,,2024-11-04,4000
PT3397,,,2024-11-05,300
PT4283,,,2025-09-26,1500
PT4456,,,2024-11-14,205
PT4457,,,2025-01-02,350
PT4396,,,2025-03-25,2000
PT0754,,,2025-09-05,3000
PT4611,,,2025-01-06,3500
PT2850,,,2025-01-15,5000
PT4398,,,2025-03-19,1000
PT3336,,,2025-02-05,1000
PT4770,,,2025-09-24,1500
PT4605,,,2025-07-18,500
PT1799,,,2026-06-08,1020