파츠번호,년월,판매수량,품절주수
PT2833,2025-07,300,0
PT2833,2025-09,200,0
PT2833,2025-11,500,0
PT2833,2026-02,130,0
PT2833,2026-03,210,0
PT3360,2025-07,200,0
PT3360,2025-08,100,0
PT3360,2025-11,200,0
PT3360,2025-12,250,0
PT3360,2026-03,250,0
PT3360,2026-04,200,0
PT3360,2026-06,300,0
PT4886,2025-07,13,0
PT4886,2025-08,491,0
PT4886,2025-09,240,0
PT4886,2025-10,332,0
PT4886,2025-11,634,0
PT4886,2025-12,384,0
PT4886,2026-01,117,0
PT4886,2026-02,250,0
PT4886,2026-03,50,0
PT4886,2026-04,130,0
PT4886,2026-05,86,0
PT4886,2026-06,72,0
PT4886,2026-07,443,0
PT4888,2025-07,13,0
PT4888,2025-08,491,0
PT4888,2025-09,240,0
PT4888,2025-10,332,0
PT4888,2025-11,634,0
PT4888,2025-12,384,0
PT4888,2026-01,117,0
PT4888,2026-02,250,0
PT4888,2026-03,50,0
PT4888,2026-04,130,0
PT4888,2026-05,92,0
PT4888,2026-06,72,0
PT4888,2026-07,443,0
PT4890,2025-07,13,0
PT4890,2025-08,491,0
PT4890,2025-09,240,0
PT4890,2025-10,332,0
PT4890,2025-11,634,0
PT4890,2025-12,384,0
PT4890,2026-01,117,0
PT4890,2026-02,250,0
PT4890,2026-03,50,0
PT4890,2026-04,130,0
PT4890,2026-05,92,0
PT4890,2026-06,72,0
PT4890,2026-07,443,0
PT4902,2025-08,371,0
PT4902,2025-09,300,0
PT4902,2025-10,255,0
PT4902,2025-11,140,0
PT4902,2025-12,128,0
PT4902,2026-01,480,0
PT4902,2026-02,60,0
PT4902,2026-03,150,0
PT4902,2026-04,50,0
PT4902,2026-05,50,0
PT4902,2026-06,375,0
PT4903,2025-08,371,0
PT4903,2025-09,300,0
PT4903,2025-10,255,0
PT4903,2025-11,140,0
PT4903,2025-12,128,0
PT4903,2026-01,480,0
PT4903,2026-02,60,0
PT4903,2026-03,150,0
PT4903,2026-04,50,0
PT4903,2026-05,50,0
PT4903,2026-06,375,0
PT4954,2025-07,13,0
PT4954,2025-08,491,0
PT4954,2025-09,240,0
PT4954,2025-10,332,0
PT4954,2025-11,634,0
PT4954,2025-12,384,0
PT4954,2026-01,117,0
PT4954,2026-02,250,0
PT4954,2026-03,50,0
PT4954,2026-04,130,0
PT4954,2026-05,86,0
PT4954,2026-06,72,0
PT4954,2026-07,443,0
PT4904,2025-08,371,0
PT4904,2025-09,300,0
PT4904,2025-10,255,0
PT4904,2025-11,140,0
PT4904,2025-12,128,0
PT4904,2026-01,480,0
PT4904,2026-02,60,0
PT4904,2026-03,150,0
PT4904,2026-04,50,0
PT4904,2026-05,50,0
PT4904,2026-06,375,0
PT4957,2025-07,13,0
PT4957,2025-08,491,0
PT4957,2025-09,240,0
PT4957,2025-10,332,0
PT4957,2025-11,634,0
PT4957,2025-12,384,0
PT4957,2026-01,117,0
PT4957,2026-02,250,0
PT4957,2026-03,50,0
PT4957,2026-04,130,0
PT4957,2026-05,92,0
PT4957,2026-06,72,0
PT4957,2026-07,443,0
PT2228,2025-07,50,0
PT2228,2025-08,405,0
PT2228,2025-09,830,0
PT2228,2025-11,100,0
PT2228,2026-01,855,1
PT2228,2026-02,270,4
PT2228,2026-03,0,2
PT2228,2026-06,500,0
PT2228,2026-07,50,0
PT2231,2025-07,50,0
PT2231,2025-08,405,0
PT2231,2025-09,830,0
PT2231,2025-11,100,0
PT2231,2026-01,855,0
PT2231,2026-02,270,0
PT2231,2026-06,500,0
PT2231,2026-07,50,0
PT2969,2025-01,0,4
PT2969,2025-02,0,4
PT2969,2025-03,0,4
PT2969,2025-04,0,4
PT2969,2025-05,0,5
PT2969,2025-06,0,4
PT2969,2025-07,940,2
PT2969,2025-08,100,0
PT2969,2025-09,50,0
PT2969,2025-10,685,0
PT2969,2025-11,1510,0
PT2969,2026-02,200,0
PT2969,2026-03,200,0
PT2969,2026-04,450,0
PT2969,2026-05,360,0
PT2969,2026-06,520,0
PT2970,2025-05,0,3
PT2970,2025-06,0,4
PT2970,2025-07,0,4
PT2970,2025-08,0,4
PT2970,2025-09,660,0
PT2970,2025-10,200,0
PT2970,2025-11,100,0
PT2970,2025-12,221,0
PT2970,2026-02,147,0
PT2970,2026-05,300,0
PT2970,2026-06,260,3
PT2970,2026-07,0,3
PT3331,2025-06,200,0
PT3331,2025-07,2050,0
PT3331,2025-08,3300,0
PT3331,2025-09,1650,0
PT3331,2025-10,1880,0
PT3331,2025-11,1190,0
PT3331,2025-12,684,0
PT3331,2026-02,600,0
PT3331,2026-03,1710,0
PT3331,2026-04,1700,0
PT3331,2026-05,400,0
PT3331,2026-06,300,0
PT3353,2025-07,350,0
PT3353,2025-08,230,0
PT3353,2025-09,390,0
PT3353,2025-10,800,0
PT3353,2025-11,300,0
PT3353,2025-12,860,3
PT3353,2026-01,200,1
PT3353,2026-03,200,0
PT3353,2026-04,100,2
PT3353,2026-05,0,4
PT3353,2026-06,0,3
PT3353,2026-07,62,0
PT1679,2025-01,100,0
PT1679,2025-06,150,0
PT1679,2025-07,900,0
PT1679,2025-08,676,0
PT1679,2025-10,100,0
PT1679,2025-11,300,0
PT1679,2026-01,100,0
PT1679,2026-02,1060,0
PT1679,2026-04,252,0
PT1679,2026-05,120,0
PT1679,2026-06,401,0
PT1679,2026-07,100,0
PT2827,2025-06,200,0
PT2827,2025-07,200,0
PT2827,2025-08,100,0
PT2827,2025-09,350,0
PT2827,2025-12,600,0
PT2827,2026-01,100,0
PT2827,2026-03,300,0
PT2827,2026-05,2000,0
PT2827,2026-06,450,0
PT2827,2026-07,100,0
PT2828,2025-06,900,0
PT2828,2025-07,1400,0
PT2828,2025-08,1240,0
PT2828,2025-09,3100,0
PT2828,2025-10,450,0
PT2828,2025-11,870,0
PT2828,2025-12,1139,0
PT2828,2026-01,450,0
PT2828,2026-02,700,0
PT2828,2026-03,400,0
PT2828,2026-04,1462,0
PT2828,2026-05,1760,0
PT2828,2026-06,1946,0
PT2828,2026-07,1700,0
PT3193,2025-05,600,0
PT3193,2025-06,260,0
PT3193,2025-08,170,0
PT3193,2025-09,557,0
PT3193,2025-10,850,0
PT3193,2025-11,1050,0
PT3193,2025-12,1012,0
PT3193,2026-01,200,0
PT3193,2026-03,100,0
PT3193,2026-05,50,0
PT3193,2026-06,100,0
PT3193,2026-07,40,0
PT0493,2025-07,50,0
PT0493,2025-08,160,0
PT0493,2025-09,360,0
PT0493,2025-10,150,0
PT0493,2025-11,243,0
PT0493,2025-12,110,0
PT0493,2026-01,160,0
PT0493,2026-03,730,0
PT0493,2026-04,512,0
PT0493,2026-05,881,0
PT0493,2026-06,1122,0
PT0761,2025-07,300,0
PT0761,2025-09,350,0
PT0761,2025-10,300,0
PT0761,2025-11,63,0
PT0761,2026-03,594,0
PT0761,2026-05,100,0
PT0761,2026-07,50,0
PT0874,2025-06,20,0
PT0874,2025-07,460,0
PT0874,2025-08,50,0
PT0874,2025-09,760,0
PT0874,2025-11,940,0
PT0874,2025-12,869,0
PT0874,2026-01,451,0
PT0874,2026-02,200,0
PT0874,2026-03,705,0
PT0874,2026-04,350,0
PT0874,2026-05,200,0
PT0874,2026-06,672,0
PT0874,2026-07,100,0
PT0878,2025-04,100,0
PT0878,2025-06,473,0
PT0878,2025-07,1160,0
PT0878,2025-08,400,0
PT0878,2025-09,1485,0
PT0878,2025-10,250,0
PT0878,2025-11,2141,0
PT0878,2025-12,3149,0
PT0878,2026-01,1961,0
PT0878,2026-02,250,1
PT0878,2026-03,1305,0
PT0878,2026-04,650,0
PT0878,2026-05,705,0
PT0878,2026-06,1522,0
PT0878,2026-07,401,0
PT0901,2025-07,400,0
PT0901,2025-10,500,0
PT0901,2025-11,100,0
PT0901,2025-12,700,0
PT0901,2026-01,200,0
PT0901,2026-03,144,0
PT0901,2026-05,100,0
PT0901,2026-06,100,1
PT1705,2025-07,200,0
PT1705,2025-10,300,0
PT1705,2026-04,100,0
PT1705,2026-06,200,0
PT1707,2025-07,200,0
PT1707,2025-10,300,0
PT1707,2026-04,100,0
PT1707,2026-06,200,0
PT1730,2025-08,280,0
PT1730,2025-10,100,0
PT1730,2025-11,100,0
PT1730,2026-01,100,0
PT1733,2025-08,280,0
PT1733,2025-09,100,0
PT1733,2025-10,100,0
PT1733,2025-11,100,0
PT1733,2026-01,100,0
PT2077,2025-06,350,0
PT2077,2025-07,1104,0
PT2077,2025-08,800,0
PT2077,2025-09,130,0
PT2077,2025-11,520,0
PT2077,2025-12,572,0
PT2077,2026-01,200,0
PT2077,2026-02,100,0
PT2077,2026-03,754,0
PT2077,2026-05,720,0
PT2077,2026-06,550,0
PT2077,2026-07,100,0
PT2078,2025-11,120,0
PT2078,2025-12,100,0
PT2079,2025-06,350,0
PT2079,2025-07,1104,0
PT2079,2025-08,800,0
PT2079,2025-09,130,0
PT2079,2025-11,400,0
PT2079,2025-12,472,0
PT2079,2026-01,200,0
PT2079,2026-02,100,0
PT2079,2026-03,754,0
PT2079,2026-05,720,0
PT2079,2026-06,550,0
PT2079,2026-07,100,0
PT2080,2025-12,100,0
PT2106,2025-06,350,0
PT2106,2025-07,404,0
PT2106,2025-08,800,0
PT2106,2025-11,220,0
PT2106,2025-12,180,0
PT2106,2026-01,100,0
PT2106,2026-02,100,0
PT2106,2026-03,100,0
PT2106,2026-05,500,0
PT2106,2026-06,550,0
PT2741,2025-04,0,4
PT2741,2025-05,0,5
PT2741,2025-06,0,2
PT2741,2025-07,2500,0
PT2741,2025-08,300,0
PT2741,2025-09,100,0
PT2741,2025-10,100,0
PT2741,2025-11,100,1
PT2741,2025-12,0,4
PT2741,2026-01,0,5
PT2741,2026-02,100,0
PT2741,2026-03,300,0
PT2741,2026-05,100,0
PT2742,2025-02,0,2
PT2742,2025-03,0,4
PT2742,2025-04,0,4
PT2742,2025-05,0,5
PT2742,2025-06,0,2
PT2742,2025-07,1060,0
PT2742,2025-08,100,0
PT2817,2025-06,100,0
PT2817,2025-07,721,0
PT2817,2025-08,700,0
PT2817,2025-09,450,0
PT2817,2025-10,975,0
PT2817,2025-12,470,0
PT2817,2026-01,621,0
PT2817,2026-02,300,0
PT2817,2026-03,680,1
PT2817,2026-04,0,5
PT2817,2026-05,0,1
PT2824,2025-06,1030,0
PT2824,2025-07,770,0
PT2824,2025-08,676,0
PT2824,2025-09,664,0
PT2824,2025-10,975,0
PT2824,2025-11,280,0
PT2824,2025-12,620,0
PT2824,2026-01,471,0
PT2824,2026-02,1630,0
PT2824,2026-03,760,0
PT2824,2026-04,120,0
PT2824,2026-05,55,0
PT2824,2026-06,250,0
PT2824,2026-07,50,0
PT3400,2025-01,0,5
PT3400,2025-02,0,4
PT3400,2025-03,0,4
PT3400,2025-04,0,4
PT3400,2025-05,0,1
PT3400,2025-07,50,0
PT3400,2025-08,80,0
PT3400,2025-09,30,0
PT3400,2025-11,283,0
PT3400,2025-12,70,0
PT3400,2026-01,210,0
PT3400,2026-03,50,0
PT3400,2026-04,212,0
PT3400,2026-05,50,0
PT3401,2025-01,0,5
PT3401,2025-02,0,4
PT3401,2025-03,0,4
PT3401,2025-08,50,0
PT3401,2025-09,130,0
PT3401,2025-10,100,0
PT3401,2026-01,30,0
PT3401,2026-03,205,0
PT3401,2026-04,70,0
PT3401,2026-06,100,0
PT3854,2025-02,0,4
PT3854,2025-03,0,1
PT3854,2025-06,1000,3
PT3854,2025-07,0,4
PT3854,2025-08,1426,0
PT3854,2025-09,184,0
PT3854,2025-11,290,0
PT3854,2025-12,300,0
PT3854,2026-01,100,0
PT3854,2026-02,510,0
PT3854,2026-03,300,0
PT3854,2026-04,205,3
PT3854,2026-05,55,1
PT3854,2026-06,400,0
PT3854,2026-07,50,0
PT3855,2025-04,0,1
PT3855,2025-05,0,5
PT3855,2025-06,0,4
PT3855,2025-07,0,4
PT3855,2025-08,0,5
PT3855,2025-09,0,4
PT3855,2025-10,0,5
PT3855,2025-11,0,4
PT3855,2025-12,0,4
PT3855,2026-01,0,5
PT3855,2026-02,490,4
PT3855,2026-03,0,4
PT3855,2026-04,0,5
PT3855,2026-05,0,4
PT3855,2026-06,0,3
PT3856,2025-07,140,4
PT3856,2025-08,0,2
PT3856,2025-09,90,0
PT3856,2026-01,130,0
PT3856,2026-02,400,0
PT3856,2026-04,0,5
PT3856,2026-05,0,4
PT3856,2026-06,0,3
PT4391,2025-07,150,0
PT4391,2025-08,30,0
PT4391,2025-09,100,0
PT4391,2025-10,50,0
PT4391,2025-11,10,0
PT4391,2025-12,140,0
PT4391,2026-01,230,0
PT4391,2026-02,82,0
PT4391,2026-03,220,0
PT4391,2026-04,430,0
PT4391,2026-05,300,0
PT4391,2026-06,100,0
PT4476,2025-02,0,2
PT4476,2025-03,0,4
PT4476,2025-04,0,4
PT4476,2025-05,0,1
PT4476,2025-06,30,0
PT4476,2025-07,150,0
PT4476,2026-01,100,0
PT4476,2026-02,60,0
PT4477,2025-07,150,0
PT4477,2025-11,30,0
PT4477,2026-01,100,0
PT4478,2025-02,0,2
PT4478,2025-03,0,4
PT4478,2025-04,0,4
PT4478,2025-05,0,1
PT4478,2025-07,50,0
PT4478,2025-09,30,0
PT4478,2025-11,150,0
PT4478,2026-01,160,0
PT4478,2026-02,30,0
PT4478,2026-03,80,0
PT4615,2025-06,500,0
PT4615,2025-07,1150,0
PT4615,2025-08,101,0
PT4615,2025-09,367,0
PT4615,2025-10,1315,0
PT4615,2025-11,460,1
PT4615,2025-12,160,4
PT4615,2026-01,0,5
PT4615,2026-02,0,4
PT4615,2026-03,0,4
PT4615,2026-04,0,5
PT4615,2026-05,0,1
PT0571,2025-08,100,0
PT0571,2025-09,250,0
PT0571,2026-01,100,0
PT0571,2026-03,100,0
PT1708,2025-07,200,0
PT1708,2025-10,300,0
PT1708,2026-04,100,0
PT1708,2026-06,200,0
PT3159,2025-06,100,0
PT3159,2025-07,721,0
PT3159,2025-08,700,0
PT3159,2025-09,450,0
PT3159,2025-10,975,0
PT3159,2025-12,470,0
PT3159,2026-01,621,0
PT3159,2026-02,300,0
PT3159,2026-03,680,0
PT3341,2025-06,1000,0
PT3341,2025-07,140,0
PT3341,2025-08,1426,0
PT3341,2025-09,274,0
PT3341,2025-11,290,0
PT3341,2025-12,300,0
PT3341,2026-01,230,0
PT3341,2026-02,1400,0
PT3341,2026-03,300,0
PT3341,2026-04,205,0
PT3341,2026-05,55,0
PT3341,2026-06,400,0
PT3341,2026-07,50,0
PT4392,2025-06,30,0
PT4392,2025-07,550,0
PT4392,2025-08,160,0
PT4392,2025-09,290,0
PT4392,2025-10,150,0
PT4392,2025-11,473,0
PT4392,2025-12,210,0
PT4392,2026-01,830,0
PT4392,2026-02,172,0
PT4392,2026-03,555,0
PT4392,2026-04,712,0
PT4392,2026-05,350,0
PT4392,2026-06,200,0
PT1583,2025-06,100,0
PT1583,2025-07,60,0
PT1583,2025-08,150,0
PT1583,2025-09,1370,0
PT1583,2025-10,250,0
PT1583,2025-11,2212,0
PT1583,2026-01,1000,0
PT1583,2026-02,280,0
PT1583,2026-04,50,0
PT1583,2026-06,370,0
PT1583,2026-07,600,0
PT0453,2025-06,400,0
PT0453,2025-07,1400,0
PT0453,2025-08,2150,0
PT0453,2025-09,553,0
PT0453,2025-10,340,0
PT0453,2025-11,1120,0
PT0453,2025-12,1727,0
PT0453,2026-01,800,0
PT0453,2026-02,50,0
PT0453,2026-03,2400,0
PT0453,2026-04,920,0
PT0453,2026-05,200,0
PT0453,2026-06,480,0
PT1695,2025-07,100,0
PT1695,2025-09,170,0
PT1695,2025-10,290,0
PT1695,2025-11,100,0
PT1695,2025-12,220,0
PT1695,2026-01,367,0
PT2717,2025-07,500,0
PT2717,2025-08,350,0
PT2717,2026-05,360,0
PT3334,2025-08,500,0
PT3334,2025-09,200,0
PT3334,2025-12,100,0
PT3334,2026-04,320,0
PT3334,2026-06,250,0
PT3334,2026-07,860,0
PT4713,2026-02,0,1
PT1493,2025-06,200,0
PT1493,2025-07,200,0
PT1493,2025-08,580,0
PT1493,2025-09,2700,0
PT1493,2025-10,1128,0
PT1493,2025-11,2496,0
PT1493,2025-12,1987,0
PT1493,2026-01,1385,0
PT1493,2026-02,2026,0
PT1493,2026-03,1567,0
PT1493,2026-04,1251,0
PT1493,2026-05,300,0
PT1493,2026-06,2250,0
PT1493,2026-07,200,0
PT1517,2025-1,100,0
PT1517,2025-11,200,0
PT1517,2025-12,100,0
PT1517,2026-04,320,0
PT1517,2026-05,259,0
PT1517,2026-06,200,0
PT1517,2026-07,750,0
PT1718,2025-07,600,0
PT1718,2025-8,271,0
PT1718,2025-9,870,0
PT1718,2025-10,4354,0
PT1718,2025-11,1102,0
PT1718,2025-12,450,0
PT1718,2026-01,400,0
PT1718,2026-02,600,0
PT1718,2026-03,1850,0
PT1718,2026-04,150,0
PT1718,2026-05,1500,0
PT1718,2026-06,410,0
PT1800,2025-06,300,0
PT1800,2025-7,570,0
PT1800,2025-9,350,0
PT1800,2025-11,250,0
PT1800,2025-12,495,3
PT1800,2026-01,850,0
PT1800,2026-03,1200,0
PT1800,2026-04,150,0
PT1800,2026-05,400,0
PT1800,2026-06,100,0
PT1803,2025-06,400,0
PT1803,2025-7,100,0
PT1803,2025-9,550,0
PT1803,2025-10,100,0
PT1803,2025-11,100,0
PT1803,2025-12,796,0
PT1803,2026-01,100,0
PT1803,2026-05,1000,0
PT1803,2026-06,800,0
PT1803,2026-07,220,0
PT1619,2025-06,100,0
PT1619,2025-7,600,0
PT1619,2025-9,330,0
PT1619,2025-10,100,0
PT1619,2025-11,700,0
PT1619,2025-12,1085,0
PT1619,2026-01,402,0
PT1619,2026-02,100,0
PT1619,2026-03,328,0
PT1619,2026-04,850,0
PT1619,2026-05,300,0
PT1719,2025-06,700,0
PT1719,2025-07,670,0
PT1719,2025-8,101,0
PT1719,2025-9,350,0
PT1719,2025-10,1454,0
PT1719,2025-11,852,0
PT1719,2025-12,651,0
PT1719,2026-01,100,0
PT1719,2026-02,600,0
PT1719,2026-03,1850,0
PT1719,2026-04,300,0
PT1719,2026-05,4100,0
PT1719,2026-06,1210,0
PT1719,2026-07,220,0
PT1802,2025-06,700,0
PT1802,2025-07,1270,0
PT1802,2025-8,271,0
PT1802,2025-9,1770,0
PT1802,2025-10,4454,0
PT1802,2025-11,1452,0
PT1802,2025-12,1741,0
PT1802,2026-01,1350,0
PT1802,2026-02,600,0
PT1802,2026-03,3050,0
PT1802,2026-04,300,0
PT1802,2026-05,4900,0
PT1802,2026-6,1310,0
PT1802,2026-07,220,0
PT0475,2025-06,100,0
PT0475,2025-07,300,0
PT0475,2025-08,100,0
PT0475,2025-10,300,0
PT0475,2025-11,400,0
PT0475,2025-12,235,0
PT0475,2026-01,50,0
PT0475,2026-02,150,0
PT0475,2026-3,100,0
PT0475,2026-04,50,0
PT0475,2026-06,100,0
PT0475,2026-07,100,0
PT0477,2025-06,200,0
PT0477,2025-7,200,0
PT0477,2025-12,100,0
PT0477,2026-1,100,0
PT0477,2026-07,100,0
PT0534,2025-07,500,0
PT0534,2025-08,380,0
PT0534,2025-09,50,0
PT0534,2025-11,380,0
PT0534,2025-12,500,0
PT0534,2026-01,350,0
PT0534,2026-02,390,0
PT0534,2026-4,100,0
PT0542,2025-06,100,0
PT0542,2025-07,400,0
PT0542,2025-08,100,0
PT0542,2025-09,100,0
PT0542,2025-10,100,0
PT0542,2025-11,650,0
PT0542,2025-12,1700,0
PT0542,2026-01,400,0
PT0542,2026-03,305,0
PT0542,2026-04,100,0
PT0542,2026-05,400,0
PT0542,2026-07,100,0
PT0543,2025-03,100,0
PT0543,2025-04,100,0
PT0543,2025-6,200,0
PT0543,2025-7,300,0
PT0543,2025-8,400,0
PT0543,2025-09,300,0
PT0543,2025-10,50,0
PT0543,2025-12,500,0
PT0543,2026-01,870,0
PT0543,2026-02,100,0
PT0543,2026-03,600,0
PT0543,2026-04,100,0
PT0543,2026-05,505,0
PT0543,2026-06,120,0
PT0543,2026-07,100,0
PT0562,2025-8,150,0
PT0563,2025-8,100,0
PT0563,2025-09,100,0
PT0563,2025-11,980,0
PT0563,2026-01,400,0
PT0563,2026-03,130,0
PT0563,2026-04,100,0
PT0563,2026-05,250,0
PT0576,2025-07,100,0
PT0576,2025-10,150,0
PT0576,2025-12,200,0
PT0576,2026-03,150,0
PT0576,2026-5,200,0
PT0579,2026-02,300,0
PT0579,2026-03,1150,0
PT0579,2026-06,200,0
PT0580,2025-06,250,0
PT0580,2025-07,150,0
PT0580,2025-8,1900,0
PT0580,2025-9,3100,0
PT0580,2025-10,1550,0
PT0580,2025-11,1600,0
PT0580,2025-12,1766,0
PT0580,2026-01,1400,0
PT0580,2026-02,580,0
PT0580,2026-03,510,0
PT0580,2026-04,750,0
PT0580,2026-05,350,0
PT0580,2026-06,250,0
PT0580,2026-7,300,0
PT2812,2025-6,100,0
PT2812,2025-7,500,0
PT2812,2025-09,100,0
PT2812,2025-11,250,0
PT2812,2026-01,200,0
PT2812,2026-02,200,0
PT2812,2026-06,800,0
PT2812,2026-07,300,0
PT2813,2025-05,150,0
PT2813,2025-12,300,0
PT2813,2026-04,200,0
PT2814,2025-6,100,0
PT2814,2025-07,500,0
PT2814,2025-09,100,0
PT2814,2025-11,250,0
PT2814,2026-01,200,0
PT2814,2026-02,200,0
PT2814,2026-6,800,0
PT2814,2026-07,300,0
PT2815,2025-05,150,0
PT2815,2025-12,300,0
PT2829,2025-10,110,0
PT2844,2025-6,280,0
PT2844,2025-07,50,0
PT2844,2025-09,1120,0
PT2844,2025-10,200,0
PT2844,2025-11,800,0
PT2844,2025-12,440,0
PT2844,2026-1,240,0
PT2844,2026-3,850,0
PT2844,2026-04,50,0
PT2844,2026-05,150,0
PT2844,2026-06,400,0
PT2844,2026-7,168,0
PT2853,2025-6,620,0
PT2853,2025-10,2848,0
PT2853,2025-11,1900,0
PT2853,2025-12,600,0
PT2853,2026-01,50,0
PT2853,2026-05,50,0
PT2853,2026-06,100,0
PT3343,2025-07,100,0
PT3343,2025-08,200,0
PT3343,2025-9,100,0
PT3343,2025-10,50,0
PT3343,2025-11,350,0
PT3343,2025-12,750,0
PT3343,2026-01,500,0
PT3343,2026-02,82,0
PT3343,2026-03,50,0
PT3343,2026-05,100,0
PT3343,2026-06,150,0
PT3344,2025-7,100,0
PT3344,2025-8,200,0
PT3344,2025-9,100,0
PT3344,2025-10,50,0
PT3344,2025-11,350,0
PT3344,2025-12,750,0
PT3344,2026-01,500,0
PT3344,2026-02,82,0
PT3344,2026-03,50,0
PT3344,2026-05,100,0
PT3344,2026-06,150,0
PT3391,2025-6,50,0
PT3391,2025-7,100,0
PT3391,2026-2,100,0
PT3391,2026-03,300,0
PT3392,2025-08,330,0
PT3392,2025-09,500,0
PT3392,2025-10,50,0
PT3392,2025-11,200,0
PT3392,2026-03,150,0
PT3392,2026-04,250,0
PT3393,2025-12,100,0
PT3393,2026-01,300,0
PT3393,2026-05,200,0
PT3394,2025-06,50,0
PT3394,2025-7,100,0
PT3394,2026-2,100,0
PT3394,2026-03,300,0
PT3395,2025-08,330,0
PT3395,2025-9,750,0
PT3395,2025-10,50,0
PT3395,2025-11,300,0
PT3395,2026-03,150,0
PT3395,2026-04,250,0
PT3396,2025-12,100,0
PT3396,2026-01,300,0
PT3396,2026-05,200,0
PT4405,2025-07,320,0
PT4405,2025-9,500,0
PT4405,2025-12,200,0
PT4751,2025-07,100,0
PT4751,2025-08,60,0
PT4751,2025-9,130,0
PT4751,2025-11,150,0
PT4751,2025-12,450,0
PT4751,2026-02,100,0
PT4751,2026-04,150,0
PT4751,2026-5,100,0
PT4751,2026-07,300,0
PT4752,2025-11,600,0
PT4752,2025-12,300,0
PT4752,2026-1,300,0
PT4752,2026-2,50,0
PT4752,2026-03,100,0
PT4752,2026-06,50,0
PT4752,2026-07,100,0
PT4760,2025-09,650,0
PT4760,2025-10,3555,0
PT4760,2025-11,885,0
PT4760,2025-12,990,0
PT4760,2026-01,100,0
PT4760,2026-02,220,0
PT4760,2026-03,300,0
PT4760,2026-04,200,0
PT4761,2025-08,670,0
PT4761,2025-9,350,0
PT4761,2025-12,400,0
PT4761,2026-1,250,0
PT4761,2026-02,300,0
PT4761,2026-05,180,0
PT0506,2025-07,100,0
PT0506,2025-08,100,0
PT0506,2025-10,300,0
PT0510,2025-08,100,0
PT0518,2025-8,100,0
PT0521,2025-07,100,0
PT0521,2025-08,100,0
PT0521,2025-10,300,0
PT0526,2025-09,200,0
PT0548,2025-06,393,0
PT0548,2025-7,1290,0
PT0548,2025-08,710,0
PT0548,2025-09,300,0
PT0548,2025-11,400,0
PT0548,2025-12,1532,0
PT0548,2026-1,650,0
PT0548,2026-02,70,0
PT0548,2026-03,1259,0
PT0548,2026-04,485,0
PT0548,2026-05,1115,0
PT0548,2026-06,200,0
PT0548,2026-7,255,0
PT0549,2025-3,200,0
PT0549,2025-04,100,0
PT0549,2025-06,760,0
PT0549,2025-07,750,0
PT0549,2025-08,800,0
PT0549,2025-09,525,0
PT0549,2025-10,550,0
PT0549,2025-11,700,0
PT0549,2025-12,1100,0
PT0549,2026-01,1410,0
PT0549,2026-02,200,0
PT0549,2026-03,1170,0
PT0549,2026-04,1071,0
PT0549,2026-05,405,0
PT0549,2026-7,200,0
PT0554,2025-3,100,0
PT0554,2025-4,100,0
PT0554,2025-06,660,0
PT0554,2025-07,890,0
PT0554,2025-08,760,0
PT0554,2025-09,515,0
PT0554,2025-10,650,0
PT0554,2025-11,700,0
PT0554,2025-12,1200,0
PT0554,2026-01,1270,0
PT0554,2026-02,100,0
PT0554,2026-03,470,0
PT0554,2026-04,900,0
PT0554,2026-05,505,0
PT0554,2026-7,100,0
PT0555,2025-6,543,0
PT0555,2025-7,1100,0
PT0555,2025-08,250,0
PT0555,2025-09,350,0
PT0555,2025-10,660,0
PT0555,2025-11,601,0
PT0555,2025-12,2072,0
PT0555,2026-01,850,0
PT0555,2026-02,270,0
PT0555,2026-03,700,0
PT0555,2026-04,1235,0
PT0555,2026-05,820,0
PT0555,2026-6,350,0
PT0555,2026-7,305,0
PT0572,2025-12,200,0
PT0575,2025-07,100,0
PT0575,2025-10,150,0
PT0575,2026-03,150,0
PT0575,2026-05,400,0
PT0578,2025-07,100,0
PT0578,2025-10,150,0
PT0578,2025-12,200,0
PT0578,2026-3,150,0
PT0578,2026-05,200,0
PT2830,2025-10,110,0
PT3345,2025-08,200,0
PT3345,2025-09,100,0
PT3345,2025-10,50,0
PT3345,2025-11,350,0
PT3345,2025-12,750,0
PT3345,2026-01,500,0
PT3345,2026-02,82,0
PT3345,2026-5,100,0
PT3345,2026-06,150,0
PT3346,2025-07,100,0
PT3346,2025-12,300,0
PT3347,2025-8,400,0
PT3347,2025-9,100,0
PT3347,2025-12,100,0
PT3347,2026-01,200,0
PT3347,2026-02,82,0
PT3347,2026-03,50,0
PT3347,2026-05,50,0
PT3363,2025-7,100,0
PT3363,2025-08,200,0
PT3363,2025-09,100,0
PT3363,2025-10,50,0
PT3363,2025-11,350,0
PT3363,2025-12,750,0
PT3363,2026-01,500,0
PT3363,2026-02,82,0
PT3363,2026-03,50,0
PT3363,2026-05,100,0
PT3363,2026-06,150,0
PT3399,2025-8,330,0
PT3399,2025-9,450,0
PT3399,2025-10,50,0
PT3399,2025-11,100,0
PT3399,2026-03,150,0
PT3399,2026-04,250,0
PT4753,2025-07,320,0
PT4753,2025-11,50,0
PT4753,2025-12,350,0
PT4753,2026-02,100,0
PT4753,2026-5,100,0
PT4753,2026-7,100,0
PT5178,2026-01,100,0
PT5178,2026-04,56,0
PT5179,2026-01,120,0
PT5179,2026-5,100,0
PT5180,2026-3,50,0
PT2115,2026-07,62,0
PT0536,2025-06,1010,0
PT0536,2025-07,354,0
PT0536,2025-08,450,0
PT0536,2025-09,880,0
PT0536,2025-10,405,0
PT0536,2025-11,70,0
PT0536,2025-12,986,0
PT0536,2026-01,295,0
PT0536,2026-02,850,0
PT0536,2026-03,700,0
PT0536,2026-04,400,0
PT0536,2026-06,490,0
PT1109,2025-11,360,0
PT1111,2025-7,2,0
PT1111,2025-9,500,0
PT1111,2025-10,150,0
PT1111,2025-11,150,0
PT4762,2025-06,803,0
PT4762,2025-07,1660,0
PT4762,2025-08,4405,0
PT4762,2025-9,1115,0
PT4762,2025-10,1341,0
PT4762,2025-11,1311,0
PT4762,2025-12,2305,0
PT4762,2026-1,1050,0
PT4762,2026-02,270,0
PT4762,2026-03,1504,0
PT4762,2026-04,1935,0
PT4762,2026-05,870,0
PT4762,2026-6,1450,0
PT4762,2026-7,505,0
PT0557,2025-10,410,0
PT0557,2025-11,551,0
PT0557,2025-12,300,0
PT0557,2026-01,200,0
PT0557,2026-04,250,0
PT0558,2025-07,50,0
PT1136,2025-03,100,0
PT1136,2025-06,650,0
PT1136,2025-7,550,0
PT1136,2025-8,623,0
PT1136,2025-9,1270,0
PT1136,2025-10,1299,0
PT1136,2025-11,2461,0
PT1136,2025-12,2550,0
PT1136,2026-01,1125,0
PT1136,2026-02,370,0
PT1136,2026-03,1180,0
PT1136,2026-04,700,0
PT1136,2026-05,1045,0
PT1136,2026-6,1190,0
PT1136,2026-7,255,0
PT1139,2025-7,50,0
PT1139,2025-09,370,0
PT1139,2025-10,114,0
PT1139,2025-11,420,0
PT1139,2025-12,300,0
PT1139,2026-01,200,0
PT1139,2026-02,70,0
PT1139,2026-03,100,0
PT1139,2026-05,0,2
PT1139,2026-06,340,0
PT1373,2025-5,600,0
PT1373,2025-6,100,0
PT1373,2025-7,570,0
PT1373,2025-08,393,0
PT1373,2025-10,110,0
PT1373,2025-11,100,0
PT1373,2025-12,100,0
PT1373,2026-01,200,0
PT1373,2026-02,1130,0
PT1373,2026-03,300,0
PT1373,2026-04,400,0
PT1373,2026-05,700,0
PT1373,2026-7,950,0
PT1753,2025-7,820,0
PT1753,2025-8,555,0
PT1753,2025-09,100,0
PT1753,2025-10,550,0
PT1753,2025-11,320,0
PT1753,2025-12,850,1
PT1753,2026-01,450,0
PT1753,2026-02,100,0
PT1753,2026-03,250,0
PT1753,2026-04,100,0
PT1753,2026-05,405,0
PT1753,2026-6,100,0
PT1753,2026-7,200,0
PT1779,2025-7,150,0
PT1779,2025-08,50,0
PT1779,2025-09,327,0
PT1779,2025-10,200,0
PT1779,2025-11,200,0
PT1779,2025-12,310,4
PT1779,2026-01,0,5
PT1779,2026-03,150,0
PT1779,2026-05,200,0
PT1779,2026-06,50,0
PT1779,2026-07,400,0
PT2117,2025-1,100,0
PT2117,2025-7,470,0
PT2117,2025-8,1250,0
PT2117,2025-09,2350,0
PT2117,2025-11,830,0
PT2117,2025-12,642,0
PT2117,2026-01,100,0
PT2117,2026-02,1400,0
PT2117,2026-03,2200,0
PT2117,2026-04,950,0
PT2117,2026-05,400,0
PT2117,2026-06,920,0
PT2117,2026-7,170,0
PT2143,2025-1,100,0
PT2152,2025-01,100,0
PT2161,2025-01,100,0
PT2161,2025-11,100,0
PT2243,2025-01,0,1
PT2243,2025-08,200,0
PT2243,2025-11,100,0
PT2268,2025-01,0,1
PT2268,2025-08,80,0
PT2268,2025-10,450,0
PT2268,2026-4,50,0
PT2268,2026-06,130,0
PT2268,2026-7,750,0
PT2391,2025-11,100,0
PT2405,2025-06,910,0
PT2405,2025-07,1,0
PT2405,2025-08,450,0
PT2405,2025-9,970,0
PT2405,2025-10,1000,0
PT2405,2025-11,350,0
PT2405,2025-12,230,0
PT2405,2026-01,500,0
PT2405,2026-02,150,0
PT2405,2026-4,500,0
PT2405,2026-06,320,0
PT2405,2026-07,100,0
PT2823,2026-03,0,1
PT2826,2026-04,150,0
PT2826,2026-5,50,0
PT2832,2025-6,700,0
PT2832,2025-7,780,0
PT2832,2025-08,730,0
PT2832,2025-09,1145,0
PT2832,2025-10,600,0
PT2832,2025-11,1910,0
PT2832,2025-12,1100,0
PT2832,2026-01,1240,0
PT2832,2026-02,250,0
PT2832,2026-03,1200,0
PT2832,2026-04,241,0
PT2832,2026-05,50,0
PT3205,2025-01,100,0
PT3205,2025-09,180,0
PT3205,2025-11,100,0
PT3205,2025-12,100,0
PT3205,2026-6,100,0
PT3323,2025-11,200,0
PT3323,2025-12,300,0
PT3325,2025-06,600,0
PT3325,2025-07,810,0
PT3325,2025-08,100,0
PT3325,2025-09,353,0
PT3325,2025-10,1000,0
PT3325,2025-11,1043,0
PT3325,2025-12,902,0
PT3325,2026-01,200,0
PT3325,2026-2,500,0
PT3325,2026-3,980,0
PT3325,2026-04,400,0
PT3325,2026-05,500,0
PT3325,2026-06,1150,0
PT3325,2026-07,100,0
PT3330,2025-6,200,0
PT3330,2025-7,200,0
PT3330,2025-8,423,0
PT3330,2025-09,400,0
PT3330,2025-10,635,0
PT3330,2025-11,1691,0
PT3330,2025-12,1820,0
PT3330,2026-01,625,0
PT3330,2026-02,300,0
PT3330,2026-03,480,0
PT3330,2026-04,450,0
PT3330,2026-05,495,0
PT3330,2026-06,400,0
PT3330,2026-07,155,0
PT4708,2025-8,130,0
PT4708,2025-9,200,0
PT4708,2025-11,1464,0
PT4708,2025-12,250,0
PT4708,2026-01,680,0
PT4708,2026-02,2150,4
PT4708,2026-03,100,4
PT4708,2026-04,0,5
PT4708,2026-05,598,1
PT4708,2026-06,370,0
PT4708,2026-07,51,0
PT4732,2025-11,200,0
PT4732,2025-12,400,0
PT4732,2026-1,400,0
PT4732,2026-02,300,0
PT4732,2026-03,500,0
PT4732,2026-04,600,0
PT4732,2026-05,320,0
PT4732,2026-06,570,0
PT4766,2025-06,100,0
PT4766,2025-07,350,0
PT4766,2025-8,5670,0
PT4766,2025-9,1700,0
PT4766,2025-10,2274,0
PT4766,2025-11,3380,0
PT4766,2025-12,1648,0
PT4766,2026-01,2016,0
PT4766,2026-02,100,0
PT4766,2026-03,1200,0
PT4766,2026-04,1891,0
PT4766,2026-05,500,0
PT4766,2026-06,1172,0
PT4767,2025-06,200,0
PT4767,2025-8,300,0
PT4767,2025-9,1350,0
PT4767,2025-10,740,0
PT4767,2025-11,1620,0
PT4767,2025-12,1643,0
PT4767,2026-01,600,0
PT4767,2026-02,100,0
PT4767,2026-03,1850,0
PT4767,2026-04,100,0
PT4767,2026-05,100,0
PT4767,2026-06,500,0
PT4768,2025-06,100,0
PT4768,2025-8,2970,0
PT4768,2025-9,1950,0
PT4768,2025-10,200,0
PT4768,2025-11,3300,0
PT4768,2025-12,1585,0
PT4768,2026-01,1746,0
PT4768,2026-02,18,0
PT4768,2026-03,1900,0
PT4768,2026-04,1470,2
PT4768,2026-05,600,0
PT4768,2026-06,600,0
PT1017,2025-06,200,0
PT1017,2025-12,200,0
PT1017,2026-3,143,0
PT1017,2026-6,100,0
PT1017,2026-07,200,0
PT2118,2025-01,100,0
PT2118,2025-07,470,0
PT2118,2025-08,1250,0
PT2118,2025-09,2350,0
PT2118,2025-11,830,0
PT2118,2025-12,642,0
PT2118,2026-1,100,0
PT2118,2026-02,1400,0
PT2118,2026-03,2200,0
PT2118,2026-04,950,0
PT2118,2026-05,400,0
PT2118,2026-06,920,0
PT2118,2026-07,170,0
PT2125,2025-01,100,0
PT2125,2025-7,470,0
PT2125,2025-8,1250,0
PT2125,2025-09,2350,0
PT2125,2025-11,830,0
PT2125,2025-12,642,0
PT2125,2026-01,100,0
PT2125,2026-02,1400,0
PT2125,2026-03,2200,0
PT2125,2026-04,950,0
PT2125,2026-05,400,0
PT2125,2026-06,920,0
PT2125,2026-07,170,0
PT2163,2025-1,100,0
PT2163,2025-11,100,0
PT2283,2025-08,280,0
PT2283,2025-10,450,0
PT2283,2025-11,100,0
PT2283,2026-04,50,0
PT2283,2026-06,130,0
PT2283,2026-07,750,0
PT2330,2025-01,100,0
PT2330,2025-7,470,0
PT2330,2025-08,1250,0
PT2330,2025-9,2350,0
PT2330,2025-11,830,0
PT2330,2025-12,642,0
PT2330,2026-01,100,0
PT2330,2026-02,1400,0
PT2330,2026-3,2200,0
PT2330,2026-04,950,0
PT2330,2026-05,400,0
PT2330,2026-06,920,0
PT2330,2026-07,170,0
PT2331,2025-01,100,0
PT2331,2025-07,470,0
PT2331,2025-8,1250,0
PT2331,2025-9,2350,0
PT2331,2025-11,830,0
PT2331,2025-12,642,0
PT2331,2026-01,100,0
PT2331,2026-02,1400,0
PT2331,2026-03,2200,0
PT2331,2026-04,950,0
PT2331,2026-05,400,0
PT2331,2026-06,920,0
PT2331,2026-07,170,0
PT2831,2025-01,100,0
PT2831,2025-9,180,0
PT2831,2025-11,100,0
PT2831,2025-12,100,0
PT2831,2026-06,100,0
PT2848,2025-06,100,0
PT2848,2025-08,200,0
PT2848,2025-12,200,0
PT2848,2026-01,100,0
PT2848,2026-03,100,0
PT3175,2026-04,150,0
PT3175,2026-5,50,0
PT3324,2025-11,200,0
PT3324,2025-12,300,0
PT3369,2025-06,250,0
PT3369,2025-07,500,0
PT3369,2025-8,320,0
PT3369,2025-09,930,0
PT3369,2025-10,200,0
PT3369,2025-12,300,0
PT3369,2026-01,100,0
PT3369,2026-2,1300,0
PT3369,2026-3,1200,0
PT3369,2026-04,120,0
PT3369,2026-07,1000,0
PT4709,2025-08,130,0
PT4709,2025-09,100,0
PT4709,2025-11,1464,0
PT4709,2025-12,250,0
PT4709,2026-01,680,0
PT4709,2026-02,2150,0
PT4709,2026-03,100,0
PT4709,2026-05,598,0
PT4709,2026-06,270,0
PT4750,2025-11,200,0
PT4750,2025-12,400,0
PT4750,2026-1,400,0
PT4750,2026-2,300,0
PT4750,2026-03,500,0
PT4750,2026-04,600,0
PT4750,2026-05,320,0
PT4750,2026-06,570,0
PT4791,2026-01,400,0
PT4791,2026-2,250,0
PT4791,2026-3,100,0
PT4791,2026-04,600,0
PT4791,2026-05,320,0
PT4791,2026-06,460,0
PT4791,2026-07,500,0
PT1780,2025-07,600,0
PT1780,2025-09,230,0
PT1780,2025-10,100,0
PT1780,2025-12,860,0
PT1780,2026-03,50,0
PT1780,2026-04,150,0
PT1780,2026-05,100,0
PT1780,2026-06,50,0
PT2187,2025-01,200,0
PT2187,2025-09,350,0
PT2187,2025-10,350,0
PT2187,2026-4,100,0
PT2187,2026-7,100,0
PT2294,2025-06,50,0
PT2294,2025-08,200,0
PT2294,2026-03,800,0
PT1073,2025-08,50,0
PT1073,2025-11,250,0
PT1073,2025-12,500,0
PT1073,2026-1,100,0
PT1073,2026-03,440,0
PT1073,2026-04,200,0
PT1073,2026-05,150,0
PT1729,2025-01,200,0
PT1729,2025-06,100,0
PT1729,2025-07,750,0
PT1729,2025-9,437,0
PT1729,2025-10,850,0
PT1729,2025-11,1641,0
PT1729,2025-12,171,0
PT1729,2026-01,100,0
PT1729,2026-03,100,0
PT1729,2026-05,250,0
PT1729,2026-06,540,0
PT5069,2025-09,200,0
PT5069,2025-10,300,0
PT5069,2025-11,200,0
PT5069,2025-12,800,0
PT5069,2026-1,100,0
PT5069,2026-02,500,0
PT5069,2026-03,3454,0
PT5069,2026-04,900,0
PT5069,2026-05,3000,0
PT5069,2026-07,500,0
PT0712,2025-6,0,2
PT0712,2025-7,500,1
PT0712,2025-8,400,0
PT0712,2025-09,100,0
PT0712,2025-11,530,0
PT0712,2025-12,1472,1
PT0712,2026-01,100,1
PT0712,2026-03,205,0
PT0712,2026-05,100,0
PT0712,2026-07,200,0
PT0715,2025-06,0,2
PT0715,2025-07,100,2
PT0715,2025-08,400,0
PT0715,2025-9,100,0
PT0715,2025-11,430,0
PT0715,2025-12,600,0
PT0715,2026-01,100,0
PT0715,2026-03,205,0
PT0715,2026-05,100,0
PT0715,2026-07,200,0
PT0721,2025-06,0,2
PT0721,2025-07,400,2
PT0721,2025-11,100,0
PT0721,2025-12,872,0
PT0832,2025-1,0,2
PT0832,2025-07,200,0
PT0832,2025-08,600,0
PT0832,2025-10,250,0
PT0832,2025-11,791,0
PT0832,2025-12,285,3
PT0832,2026-01,0,5
PT0832,2026-2,300,4
PT0832,2026-3,0,4
PT0832,2026-04,0,5
PT0832,2026-05,0,4
PT0832,2026-06,0,4
PT0832,2026-7,0,3
PT0833,2025-1,0,4
PT0833,2025-2,0,2
PT0833,2025-04,100,0
PT0833,2025-06,50,0
PT0833,2025-07,450,0
PT0833,2025-08,150,0
PT0833,2025-09,400,0
PT0833,2025-10,2320,0
PT0833,2025-11,3590,0
PT0833,2025-12,2511,3
PT0833,2026-01,760,1
PT0833,2026-02,2226,3
PT0833,2026-03,910,0
PT0833,2026-04,1750,0
PT0833,2026-05,250,0
PT0833,2026-06,200,0
PT0833,2026-7,400,0
PT1030,2025-6,1400,0
PT1030,2025-7,820,0
PT1030,2025-08,200,0
PT1030,2025-09,1008,0
PT1030,2025-10,1000,0
PT1030,2025-11,800,0
PT1030,2025-12,880,0
PT1030,2026-01,1400,0
PT1030,2026-02,150,0
PT1030,2026-03,1150,0
PT1030,2026-04,2000,0
PT1030,2026-05,450,0
PT1030,2026-06,470,0
PT1030,2026-7,100,0
PT1093,2025-3,100,0
PT1093,2025-6,180,0
PT1093,2025-07,1350,0
PT1093,2025-08,1660,0
PT1093,2025-09,1495,0
PT1093,2025-10,2908,0
PT1093,2025-11,1923,0
PT1093,2025-12,3300,0
PT1093,2026-01,3630,0
PT1093,2026-02,2040,0
PT1093,2026-03,2370,0
PT1093,2026-04,2870,0
PT1093,2026-05,1182,0
PT1093,2026-6,1194,0
PT1093,2026-7,200,0
PT1116,2025-7,200,0
PT1116,2025-08,400,0
PT1116,2025-09,237,0
PT1116,2025-10,100,0
PT1116,2025-11,300,0
PT1116,2026-01,300,0
PT1116,2026-04,255,0
PT1125,2025-06,200,0
PT1125,2025-08,410,0
PT1125,2025-09,137,0
PT1125,2025-10,1790,0
PT1125,2025-11,500,0
PT1125,2025-12,200,0
PT1125,2026-02,200,0
PT1125,2026-04,650,0
PT1125,2026-07,100,0
PT1197,2025-06,100,0
PT1197,2025-07,2150,0
PT1197,2025-8,660,0
PT1197,2025-9,275,0
PT1197,2025-10,450,0
PT1197,2025-11,2371,0
PT1197,2025-12,4006,0
PT1197,2026-01,5602,0
PT1197,2026-02,1150,0
PT1197,2026-03,1854,0
PT1197,2026-04,1300,0
PT1197,2026-5,16700,0
PT1197,2026-6,1005,0
PT1197,2026-7,250,0
PT1201,2025-07,200,0
PT1201,2025-08,680,0
PT1201,2025-09,975,0
PT1201,2025-10,960,0
PT1201,2025-11,1770,0
PT1201,2025-12,1560,0
PT1201,2026-01,1240,4
PT1201,2026-02,600,0
PT1201,2026-03,2262,0
PT1201,2026-04,750,0
PT1201,2026-5,1805,0
PT1201,2026-6,250,0
PT1201,2026-7,250,0
PT1236,2025-06,200,0
PT1236,2025-07,250,0
PT1236,2025-08,200,0
PT1236,2025-09,210,0
PT1236,2025-10,2798,0
PT1236,2025-11,1338,0
PT1236,2025-12,3100,0
PT1236,2026-01,990,2
PT1236,2026-02,200,2
PT1236,2026-03,754,0
PT1236,2026-04,250,0
PT1236,2026-5,130,0
PT1236,2026-6,250,0
PT1239,2025-1,0,3
PT1239,2025-06,200,0
PT1239,2025-07,750,0
PT1239,2025-08,1910,3
PT1239,2025-09,1517,2
PT1239,2025-10,1046,0
PT1239,2025-11,5950,1
PT1239,2025-12,1900,2
PT1239,2026-01,1220,3
PT1239,2026-02,550,0
PT1239,2026-03,700,0
PT1239,2026-04,850,0
PT1239,2026-5,420,0
PT1239,2026-6,50,0
PT1464,2026-3,0,4
PT1464,2026-04,0,5
PT1464,2026-05,0,4
PT1464,2026-06,0,4
PT1464,2026-07,0,1
PT1569,2025-09,600,0
PT1569,2025-11,242,0
PT1569,2025-12,515,0
PT1569,2026-01,400,0
PT1569,2026-03,700,0
PT1569,2026-04,320,0
PT1569,2026-05,420,0
PT1569,2026-07,100,0
PT2248,2025-6,200,0
PT2248,2025-7,450,0
PT2248,2025-08,150,0
PT2248,2025-09,650,0
PT2248,2025-10,200,0
PT2248,2025-11,900,0
PT2248,2025-12,1294,0
PT2248,2026-01,446,0
PT2248,2026-02,400,0
PT2248,2026-04,200,0
PT2248,2026-06,250,0
PT2248,2026-7,100,0
PT2250,2025-6,200,0
PT2250,2025-7,450,0
PT2250,2025-08,150,0
PT2250,2025-09,650,0
PT2250,2025-10,200,0
PT2250,2025-11,900,0
PT2250,2025-12,1294,0
PT2250,2026-01,446,0
PT2250,2026-02,400,0
PT2250,2026-04,200,0
PT2250,2026-06,250,0
PT2250,2026-7,100,0
PT2472,2025-7,100,0
PT2472,2025-8,300,0
PT2472,2025-09,250,0
PT2472,2025-10,200,0
PT2472,2025-11,620,0
PT2472,2025-12,700,0
PT2472,2026-01,300,1
PT2472,2026-02,300,2
PT2472,2026-03,300,0
PT2472,2026-04,550,0
PT2472,2026-5,200,0
PT2472,2026-6,120,0
PT2473,2025-7,200,0
PT2473,2025-08,100,0
PT2473,2025-09,220,0
PT2473,2025-10,108,0
PT2473,2025-11,413,0
PT2473,2025-12,380,0
PT2473,2026-01,200,0
PT2473,2026-02,1240,0
PT2473,2026-03,1650,0
PT2473,2026-04,420,0
PT2473,2026-6,450,0
PT2802,2025-6,180,0
PT2802,2025-7,650,0
PT2802,2025-08,600,0
PT2802,2025-09,200,0
PT2802,2025-10,800,0
PT2802,2025-11,1310,0
PT2802,2025-12,1800,1
PT2802,2026-01,900,0
PT2802,2026-02,400,0
PT2802,2026-04,550,0
PT2802,2026-05,100,0
PT2802,2026-6,144,0
PT2802,2026-7,100,0
PT2809,2025-10,900,0
PT2809,2025-11,300,0
PT2809,2025-12,1000,0
PT2809,2026-02,300,0
PT2811,2025-10,700,0
PT2811,2025-11,1200,0
PT2811,2025-12,100,0
PT2811,2026-1,100,0
PT2834,2025-7,300,0
PT2834,2025-9,200,0
PT2834,2025-11,500,0
PT2834,2026-2,130,0
PT2834,2026-3,210,0
PT2836,2025-1,0,3
PT2836,2025-07,300,0
PT2836,2025-09,200,0
PT2836,2025-11,500,0
PT2836,2026-2,130,0
PT2836,2026-03,210,0
PT2839,2025-01,0,4
PT2839,2025-06,402,0
PT2839,2025-07,530,0
PT2839,2025-08,853,0
PT2839,2025-9,500,0
PT2839,2025-10,500,0
PT2839,2025-11,873,0
PT2839,2025-12,800,1
PT2839,2026-01,710,0
PT2839,2026-06,520,0
PT2839,2026-07,100,0
PT2841,2025-06,402,0
PT2841,2025-7,530,0
PT2841,2025-8,1233,0
PT2841,2025-9,500,0
PT2841,2025-10,500,0
PT2841,2025-11,873,0
PT2841,2025-12,800,0
PT2841,2026-01,710,0
PT2841,2026-06,520,0
PT2841,2026-07,100,0
PT2852,2025-07,300,0
PT2852,2025-9,200,0
PT2852,2025-11,500,0
PT2852,2026-2,130,0
PT2852,2026-03,210,0
PT2962,2025-06,180,0
PT2962,2025-07,650,0
PT2962,2025-08,600,0
PT2962,2025-09,200,0
PT2962,2025-10,800,0
PT2962,2025-11,1310,0
PT2962,2025-12,1800,0
PT2962,2026-01,900,0
PT2962,2026-02,400,0
PT2962,2026-04,550,0
PT2962,2026-05,100,0
PT2962,2026-6,144,0
PT2962,2026-7,100,0
PT3321,2025-8,100,0
PT3321,2025-10,400,0
PT3321,2025-11,140,0
PT3321,2025-12,295,0
PT3322,2025-07,300,0
PT3322,2025-09,200,0
PT3322,2025-11,500,0
PT3322,2026-02,130,0
PT3322,2026-3,210,0
PT3329,2025-7,200,0
PT3329,2025-9,100,0
PT3329,2025-11,341,0
PT3329,2025-12,100,0
PT3329,2026-7,100,0
PT3365,2025-06,300,0
PT3365,2025-07,220,0
PT3365,2025-09,840,0
PT3365,2025-10,1350,0
PT3365,2025-11,1000,0
PT3365,2025-12,735,0
PT3365,2026-01,2000,0
PT3365,2026-02,100,0
PT3365,2026-03,650,0
PT3365,2026-04,400,0
PT3365,2026-5,100,0
PT3365,2026-6,340,0
PT3365,2026-7,100,0
PT3366,2025-06,860,0
PT3366,2025-07,710,0
PT3366,2025-08,100,0
PT3366,2025-09,1500,0
PT3366,2025-10,1200,0
PT3366,2025-11,3730,0
PT3366,2025-12,1272,0
PT3366,2026-01,800,0
PT3366,2026-02,450,0
PT3366,2026-03,610,0
PT3366,2026-04,700,0
PT3366,2026-5,850,0
PT3366,2026-6,300,0
PT3366,2026-7,300,0
PT4400,2025-06,393,0
PT4400,2025-07,1600,0
PT4400,2025-08,4230,0
PT4400,2025-09,3312,0
PT4400,2025-10,3107,0
PT4400,2025-11,3000,0
PT4400,2025-12,2180,0
PT4400,2026-01,1815,0
PT4400,2026-02,500,0
PT4400,2026-03,6000,0
PT4400,2026-4,6311,0
PT4400,2026-5,920,0
PT4400,2026-6,1300,0
PT4400,2026-07,200,0
PT4716,2025-11,500,0
PT4716,2025-12,500,4
PT4716,2026-01,0,4
PT4716,2026-04,800,0
PT4716,2026-06,100,0
PT4717,2025-12,300,0
PT4717,2026-1,100,0
PT4717,2026-3,100,0
PT4717,2026-04,100,0
PT4717,2026-06,200,0
PT4717,2026-07,100,0
PT4718,2025-12,100,0
PT4718,2026-01,600,0
PT4718,2026-05,100,0
PT4719,2025-09,370,0
PT4719,2025-12,126,0
PT4719,2026-02,200,0
PT4719,2026-3,100,0
PT4719,2026-05,100,0
PT4882,2025-08,100,0
PT4882,2025-09,840,0
PT4882,2025-10,1610,0
PT4882,2025-11,4564,0
PT4882,2025-12,3223,3
PT4882,2026-01,1150,1
PT4882,2026-02,170,0
PT4882,2026-03,150,0
PT4882,2026-4,650,3
PT4882,2026-5,605,0
PT4882,2026-6,300,0
PT4883,2025-09,50,0
PT4883,2025-11,951,0
PT4883,2025-12,2451,0
PT4883,2026-01,1100,0
PT4883,2026-02,150,0
PT4883,2026-04,1505,0
PT4883,2026-05,150,0
PT4883,2026-7,55,0
PT4986,2025-9,36,0
PT4986,2025-10,30,0
PT4986,2025-11,573,0
PT4986,2025-12,280,0
PT4986,2026-01,60,0
PT4986,2026-03,150,0
PT4986,2026-04,35,0
PT4986,2026-5,832,0
PT0859,2025-9,2800,0
PT0859,2025-10,1040,0
PT0859,2025-11,1106,0
PT0859,2025-12,3170,0
PT0859,2026-01,3403,0
PT0859,2026-03,150,0
PT0947,2025-08,400,0
PT0947,2025-11,500,0
PT0947,2025-12,1472,0
PT0947,2026-5,100,0
PT0948,2025-09,300,0
PT0948,2025-10,750,0
PT0948,2025-11,2106,0
PT0948,2025-12,2870,0
PT0948,2026-1,3303,0
PT0948,2026-03,150,0
PT1560,2025-06,200,0
PT1560,2025-7,200,0
PT1560,2025-8,400,0
PT1560,2025-9,400,0
PT1560,2025-10,1200,0
PT1560,2025-11,511,0
PT1560,2025-12,200,0
PT1560,2026-01,350,0
PT1560,2026-02,200,0
PT1560,2026-04,1055,0
PT1560,2026-6,330,0
PT1560,2026-7,200,0
PT2805,2025-11,610,0
PT2837,2025-07,300,0
PT2837,2025-09,200,0
PT2837,2025-11,500,0
PT2837,2026-02,130,0
PT2837,2026-03,210,0
PT3373,2025-8,50,0
PT3373,2025-11,471,0
PT3373,2025-12,1283,0
PT3373,2026-1,400,0
PT3373,2026-03,100,0
PT3373,2026-04,800,0
PT3373,2026-05,200,0
PT3375,2026-1,60,0
PT3376,2025-11,360,0
PT3376,2025-12,300,0
PT3376,2026-01,100,0
PT3376,2026-02,170,0
PT3376,2026-04,300,0
PT3377,2025-06,100,0
PT3377,2025-8,100,0
PT3377,2025-9,540,0
PT3377,2025-10,810,0
PT3377,2025-11,2220,0
PT3377,2025-12,1851,0
PT3377,2026-01,200,0
PT3377,2026-04,50,0
PT3377,2026-05,405,0
PT3377,2026-6,100,0
PT3378,2025-9,100,0
PT3378,2025-12,100,0
PT3378,2026-01,70,0
PT3378,2026-06,200,0
PT3379,2025-09,100,0
PT3379,2025-11,1000,0
PT3379,2025-12,850,0
PT3379,2026-1,350,0
PT3379,2026-02,150,0
PT3379,2026-04,100,0
PT3379,2026-05,150,0
PT3380,2025-8,100,0
PT3380,2025-12,210,0
PT3380,2026-01,200,0
PT3380,2026-04,50,0
PT3381,2025-11,863,0
PT3381,2025-12,100,0
PT3381,2026-01,70,0
PT3381,2026-4,600,0
PT3382,2025-10,750,0
PT3382,2025-11,550,0
PT3382,2025-12,60,0
PT3382,2026-7,55,0
PT3383,2025-09,150,0
PT3383,2025-11,50,0
PT3383,2025-12,350,0
PT3383,2026-1,50,0
PT3383,2026-3,50,0
PT3383,2026-04,255,0
PT3384,2025-10,50,0
PT3384,2025-12,300,0
PT3384,2026-1,150,0
PT3385,2025-12,270,0
PT3385,2026-01,600,0
PT4595,2025-09,100,0
PT4595,2025-10,400,0
PT4595,2025-11,200,0
PT4595,2025-12,400,0
PT4595,2026-3,500,0
PT1572,2025-06,302,0
PT1572,2025-07,500,0
PT1572,2025-8,100,0
PT1572,2025-9,1200,0
PT1572,2025-10,130,0
PT1572,2025-11,750,0
PT1572,2025-12,400,0
PT1572,2026-01,310,0
PT1572,2026-02,200,0
PT1572,2026-03,528,0
PT1572,2026-4,420,0
PT1572,2026-5,400,0
PT1572,2026-7,100,0
PT1147,2025-01,200,0
PT1147,2025-03,100,0
PT1147,2025-06,650,0
PT1147,2025-07,200,0
PT1147,2025-08,600,0
PT1147,2025-09,850,0
PT1147,2025-10,2100,0
PT1147,2025-11,861,0
PT1147,2025-12,500,0
PT1147,2026-01,650,0
PT1147,2026-02,200,0
PT1147,2026-03,600,0
PT1147,2026-4,1405,0
PT1147,2026-5,550,0
PT1147,2026-6,780,0
PT1147,2026-07,200,0
PT0388,2025-06,5025,0
PT0388,2025-07,1642,0
PT0388,2025-08,200,0
PT0388,2025-12,80,0
PT0388,2026-03,1030,0
PT0388,2026-04,1342,0
PT0388,2026-05,3510,0
PT0388,2026-06,1937,0
PT0388,2026-07,670,0
PT0733,2025-6,300,0
PT0733,2025-07,300,0
PT0733,2025-08,315,0
PT0733,2025-09,570,0
PT0733,2025-10,200,0
PT0733,2025-11,340,0
PT0733,2025-12,107,0
PT0733,2026-01,300,0
PT0733,2026-02,250,0
PT0733,2026-03,600,2
PT0733,2026-4,0,5
PT0733,2026-6,250,0
PT0736,2025-7,300,0
PT0736,2025-08,315,0
PT0736,2025-09,70,0
PT0736,2025-11,340,0
PT0736,2025-12,117,0
PT0736,2026-01,300,0
PT0736,2026-02,250,0
PT0736,2026-03,600,0
PT0736,2026-06,100,0
PT0944,2025-6,100,0
PT0944,2025-8,100,0
PT0944,2025-09,300,0
PT0944,2025-11,400,0
PT0944,2025-12,100,0
PT0944,2026-01,100,0
PT0944,2026-04,300,0
PT0944,2026-05,2000,0
PT0944,2026-06,100,0
PT0945,2025-11,200,0
PT0945,2026-1,100,0
PT1108,2025-09,50,0
PT1108,2025-10,50,0
PT1108,2025-11,280,0
PT1108,2025-12,170,0
PT1108,2026-1,50,0
PT1108,2026-02,50,0
PT1108,2026-03,50,0
PT1108,2026-6,172,0
PT1459,2025-8,100,0
PT1459,2026-5,100,0
PT1459,2026-06,100,0
PT1500,2026-02,0,1
PT1500,2026-03,0,3
PT3339,2025-06,4225,0
PT3339,2025-07,1642,0
PT3339,2025-08,200,0
PT3339,2025-12,80,0
PT3339,2026-03,980,0
PT3339,2026-04,742,0
PT3339,2026-05,3510,0
PT3339,2026-06,1617,0
PT3339,2026-07,400,0
PT3348,2025-6,250,0
PT3348,2025-07,590,0
PT3348,2025-08,410,0
PT3348,2025-09,990,0
PT3348,2025-10,2305,0
PT3348,2025-11,786,0
PT3348,2025-12,494,0
PT3348,2026-01,300,0
PT3348,2026-02,60,0
PT3348,2026-03,250,0
PT3348,2026-4,935,0
PT3348,2026-5,320,0
PT3348,2026-6,830,0
PT3348,2026-07,50,0
PT3354,2025-07,100,0
PT3354,2025-09,120,0
PT3354,2026-04,320,0
PT3354,2026-05,200,0
PT3354,2026-06,372,0
PT3354,2026-07,100,0
PT3370,2025-06,50,0
PT3370,2025-07,50,0
PT3370,2025-08,500,0
PT3370,2025-09,54,0
PT3370,2025-11,220,0
PT3370,2025-12,100,0
PT3370,2026-03,150,0
PT3370,2026-04,125,0
PT3370,2026-07,56,0
PT3900,2025-06,170,0
PT3900,2025-7,540,1
PT3900,2025-8,240,0
PT3900,2025-09,390,0
PT3900,2025-10,2135,0
PT3900,2025-11,956,0
PT3900,2025-12,390,0
PT3900,2026-01,180,0
PT3900,2026-02,60,0
PT3900,2026-03,100,0
PT3900,2026-4,935,0
PT3900,2026-5,320,0
PT3900,2026-6,381,0
PT3900,2026-07,50,0
PT4093,2025-02,0,2
PT4093,2025-06,185,0
PT4093,2025-07,80,0
PT4093,2025-08,366,0
PT4093,2025-09,110,0
PT4093,2025-10,153,0
PT4093,2025-11,264,0
PT4093,2025-12,150,3
PT4093,2026-01,330,3
PT4093,2026-02,200,1
PT4093,2026-03,70,3
PT4093,2026-4,200,0
PT4093,2026-5,300,0
PT4093,2026-6,72,0
PT4093,2026-07,166,0
PT4330,2025-09,200,0
PT4330,2025-10,1400,3
PT4330,2025-11,900,3
PT4330,2025-12,635,2
PT4330,2026-01,250,0
PT4330,2026-06,200,0
PT4331,2025-10,700,2
PT4331,2025-11,311,1
PT4331,2025-12,150,0
PT4331,2026-1,0,5
PT4331,2026-02,0,4
PT4331,2026-03,0,4
PT4331,2026-6,0,4
PT4402,2025-6,300,0
PT4402,2025-7,1000,0
PT4402,2025-08,860,0
PT4402,2025-09,410,0
PT4402,2025-10,964,0
PT4402,2025-11,689,0
PT4402,2025-12,960,0
PT4402,2026-01,295,0
PT4402,2026-02,318,0
PT4402,2026-03,600,0
PT4402,2026-4,250,0
PT4402,2026-5,530,0
PT4402,2026-6,600,0
PT4696,2025-06,250,0
PT4696,2025-07,943,1
PT4696,2025-08,100,3
PT4696,2025-09,2735,1
PT4696,2025-10,300,2
PT4696,2025-11,860,0
PT4696,2025-12,2050,0
PT4696,2026-01,780,1
PT4696,2026-02,382,2
PT4696,2026-03,1340,0
PT4696,2026-4,635,0
PT4696,2026-5,450,0
PT4696,2026-6,457,0
PT4696,2026-07,300,0
PT4710,2025-09,380,0
PT4710,2025-10,380,0
PT4710,2025-11,100,0
PT4710,2025-12,750,1
PT4710,2026-01,150,5
PT4710,2026-03,2170,3
PT4710,2026-04,0,5
PT4710,2026-5,400,0
PT4710,2026-7,400,0
PT4711,2025-9,380,0
PT4711,2025-10,380,0
PT4711,2025-11,100,0
PT4711,2025-12,750,0
PT4711,2026-01,150,0
PT4711,2026-03,2170,0
PT4711,2026-05,400,0
PT4711,2026-7,400,0
PT4712,2025-9,380,0
PT4712,2025-10,380,0
PT4712,2025-11,100,0
PT4712,2025-12,750,0
PT4712,2026-01,150,0
PT4712,2026-03,1770,0
PT4712,2026-05,400,0
PT4712,2026-7,400,0
PT4721,2025-12,300,0
PT4721,2026-1,70,0
PT4721,2026-03,30,0
PT4721,2026-04,40,0
PT4721,2026-07,50,0
PT4722,2025-12,120,0
PT4722,2026-1,100,0
PT4722,2026-03,1,0
PT4722,2026-04,300,0
PT4722,2026-06,130,0
PT4726,2025-9,200,0
PT4726,2025-10,530,0
PT4726,2025-11,230,0
PT4726,2025-12,2712,0
PT4726,2026-01,980,0
PT4726,2026-02,1262,0
PT4726,2026-3,3232,0
PT4726,2026-4,2155,0
PT4726,2026-5,700,0
PT4726,2026-06,1287,0
PT4726,2026-07,600,0
PT4729,2025-11,1350,0
PT4729,2025-12,1138,0
PT4729,2026-01,1131,2
PT4729,2026-02,1950,0
PT4729,2026-03,670,4
PT4729,2026-4,1057,0
PT4729,2026-5,760,0
PT4729,2026-06,2764,1
PT4729,2026-07,100,0
PT4737,2025-06,200,0
PT4737,2025-07,251,3
PT4737,2025-08,410,1
PT4737,2025-09,350,0
PT4737,2025-10,214,0
PT4737,2025-11,489,0
PT4737,2025-12,790,0
PT4737,2026-01,295,0
PT4737,2026-02,318,0
PT4737,2026-3,400,0
PT4737,2026-4,150,0
PT4737,2026-5,530,0
PT4737,2026-06,300,0
PT4754,2025-05,600,0
PT4754,2025-06,830,0
PT4754,2025-07,3370,0
PT4754,2025-08,815,0
PT4754,2025-09,50,0
PT4754,2026-04,150,0
PT4754,2026-05,1875,0
PT4754,2026-06,2690,0
PT4754,2026-07,977,0
PT4755,2025-05,600,0
PT4755,2025-06,525,0
PT4755,2025-07,2355,0
PT4755,2025-08,460,0
PT4755,2025-09,50,0
PT4755,2026-01,0,5
PT4755,2026-02,0,4
PT4755,2026-03,0,4
PT4755,2026-04,150,2
PT4755,2026-05,675,0
PT4755,2026-06,2030,0
PT4755,2026-07,377,0
PT4756,2025-06,0,3
PT4756,2025-07,0,4
PT4756,2025-08,0,1
PT4756,2025-09,550,0
PT4756,2025-10,1000,0
PT4756,2025-11,700,0
PT4756,2025-12,536,0
PT4756,2026-01,190,4
PT4756,2026-02,180,0
PT4756,2026-3,200,0
PT4756,2026-4,355,0
PT4756,2026-5,460,0
PT4756,2026-06,580,0
PT4756,2026-07,200,0
PT4757,2025-06,600,1
PT4757,2025-07,300,4
PT4757,2025-08,0,1
PT4757,2025-09,100,0
PT4757,2025-11,100,0
PT4757,2025-12,250,0
PT4757,2026-01,1580,4
PT4757,2026-04,1055,0
PT4763,2025-07,360,0
PT4763,2025-8,1288,0
PT4763,2025-9,850,0
PT4763,2025-10,610,3
PT4763,2025-11,960,0
PT4763,2025-12,770,0
PT4763,2026-01,1100,2
PT4763,2026-02,0,4
PT4763,2026-3,0,4
PT4763,2026-4,500,0
PT4763,2026-6,620,0
PT4763,2026-07,100,0
PT4764,2025-07,360,0
PT4764,2025-08,1288,0
PT4764,2025-09,850,0
PT4764,2025-10,610,0
PT4764,2025-11,960,0
PT4764,2025-12,770,0
PT4764,2026-01,1100,0
PT4764,2026-03,120,0
PT4764,2026-4,500,0
PT4764,2026-6,620,0
PT4764,2026-7,100,0
PT5148,2025-09,200,0
PT5148,2025-10,361,0
PT5148,2025-11,450,0
PT5148,2025-12,982,0
PT5148,2026-01,310,0
PT5148,2026-02,900,0
PT5148,2026-3,250,0
PT5148,2026-4,320,0
PT5148,2026-5,625,0
PT5148,2026-06,460,0
PT5148,2026-07,305,0
PT0989,2025-04,100,0
PT0989,2025-07,200,0
PT0989,2025-08,200,0
PT0989,2025-09,120,0
PT0989,2025-10,800,0
PT0989,2025-11,300,0
PT0989,2025-12,200,0
PT0989,2026-01,300,0
PT0989,2026-02,100,0
PT0989,2026-3,350,0
PT0989,2026-4,100,0
PT0989,2026-6,400,0
PT3349,2025-06,170,0
PT3349,2025-07,540,0
PT3349,2025-08,240,0
PT3349,2025-09,390,0
PT3349,2025-10,2135,0
PT3349,2025-11,656,0
PT3349,2025-12,390,0
PT3349,2026-01,180,0
PT3349,2026-02,60,0
PT3349,2026-3,100,0
PT3349,2026-4,935,0
PT3349,2026-5,320,0
PT3349,2026-06,380,0
PT3349,2026-07,50,0
PT3355,2025-07,100,0
PT3355,2025-09,120,0
PT3355,2026-04,320,0
PT3355,2026-05,200,0
PT3355,2026-06,372,0
PT3355,2026-07,100,0
PT4403,2025-06,300,0
PT4403,2025-07,1000,0
PT4403,2025-08,860,0
PT4403,2025-09,410,0
PT4403,2025-10,964,0
PT4403,2025-11,689,0
PT4403,2025-12,960,0
PT4403,2026-01,295,0
PT4403,2026-02,318,0
PT4403,2026-3,600,0
PT4403,2026-4,250,0
PT4403,2026-5,530,0
PT4403,2026-06,600,0
PT4727,2025-09,200,0
PT4727,2025-10,530,0
PT4727,2025-11,230,0
PT4727,2025-12,1712,0
PT4727,2026-01,200,0
PT4727,2026-02,880,0
PT4727,2026-3,1892,0
PT4727,2026-4,1270,0
PT4727,2026-5,151,0
PT4727,2026-06,530,0
PT4727,2026-07,200,0
PT4730,2025-11,1350,0
PT4730,2025-12,1138,0
PT4730,2026-01,1131,0
PT4730,2026-02,1950,0
PT4730,2026-03,670,0
PT4730,2026-4,1057,0
PT4730,2026-5,230,0
PT4730,2026-06,2764,0
PT4730,2026-07,100,0
PT4731,2025-11,1350,0
PT4731,2025-12,1138,0
PT4731,2026-01,1131,0
PT4731,2026-02,1950,0
PT4731,2026-03,670,0
PT4731,2026-4,1057,0
PT4731,2026-5,760,0
PT4731,2026-06,2764,0
PT4731,2026-07,100,0
PT4758,2025-06,600,0
PT4758,2025-07,300,0
PT4758,2025-09,650,0
PT4758,2025-10,1000,0
PT4758,2025-11,800,0
PT4758,2025-12,786,0
PT4758,2026-01,1770,0
PT4758,2026-02,180,0
PT4758,2026-3,200,0
PT4758,2026-4,1410,0
PT4758,2026-5,460,0
PT4758,2026-06,580,0
PT4758,2026-07,200,0
PT4759,2025-06,600,0
PT4759,2025-07,300,0
PT4759,2025-09,650,0
PT4759,2025-10,1000,0
PT4759,2025-11,800,0
PT4759,2025-12,786,0
PT4759,2026-01,1770,0
PT4759,2026-02,180,0
PT4759,2026-3,200,0
PT4759,2026-4,1410,0
PT4759,2026-5,460,0
PT4759,2026-06,580,0
PT4759,2026-07,200,0
PT4769,2025-06,250,0
PT4769,2025-07,943,0
PT4769,2025-08,100,0
PT4769,2025-09,2735,0
PT4769,2025-10,300,0
PT4769,2025-11,860,0
PT4769,2025-12,2050,0
PT4769,2026-01,780,0
PT4769,2026-02,382,0
PT4769,2026-3,1340,0
PT4769,2026-4,635,0
PT4769,2026-5,450,0
PT4769,2026-06,457,0
PT4769,2026-07,300,0
PT4844,2025-06,600,0
PT4844,2025-07,300,0
PT4844,2025-09,650,0
PT4844,2025-10,1000,0
PT4844,2025-11,800,0
PT4844,2025-12,786,0
PT4844,2026-01,1770,0
PT4844,2026-02,180,0
PT4844,2026-3,200,0
PT4844,2026-4,1410,0
PT4844,2026-5,460,0
PT4844,2026-06,580,0
PT4844,2026-07,200,0
PT4646,2025-06,100,0
PT4646,2025-07,150,0
PT4646,2025-08,400,0
PT4646,2025-09,875,0
PT4646,2025-10,450,0
PT4646,2025-11,2740,0
PT4646,2025-12,100,0
PT4646,2026-01,778,0
PT4646,2026-02,1532,0
PT4646,2026-3,555,0
PT4646,2026-4,630,0
PT4646,2026-5,364,0
PT4646,2026-06,300,0
PT4646,2026-07,50,0
PT2131,2025-06,50,0
PT2131,2025-07,500,0
PT2131,2025-08,51,0
PT2131,2025-09,317,0
PT2131,2025-10,100,0
PT0588,2025-06,1985,0
PT0588,2025-07,2120,0
PT0588,2025-08,1768,0
PT0588,2025-09,1403,0
PT0588,2025-10,3022,0
PT0588,2025-11,3093,0
PT0588,2025-12,2861,0
PT0588,2026-01,1290,0
PT0588,2026-02,2080,0
PT0588,2026-3,2130,0
PT0588,2026-4,1330,0
PT0588,2026-5,1935,0
PT0588,2026-06,1460,0
PT0588,2026-07,405,0
PT0996,2025-04,100,0
PT0996,2025-06,300,0
PT0996,2025-07,400,0
PT0996,2025-08,400,0
PT0996,2025-09,220,0
PT0996,2025-10,800,0
PT0996,2025-11,300,0
PT0996,2025-12,320,0
PT0996,2026-01,400,0
PT0996,2026-02,100,0
PT0996,2026-3,350,0
PT0996,2026-4,100,0
PT0996,2026-5,100,0
PT0996,2026-06,400,0
PT1046,2025-06,600,0
PT1046,2025-07,1210,0
PT1046,2025-08,100,0
PT1046,2025-09,353,0
PT1046,2025-10,1250,0
PT1046,2025-11,1243,0
PT1046,2025-12,2002,0
PT1046,2026-01,630,0
PT1046,2026-02,500,0
PT1046,2026-3,1130,0
PT1046,2026-4,500,0
PT1046,2026-5,905,0
PT1046,2026-06,1250,0
PT1046,2026-07,100,0
PT2169,2025-06,100,0
PT2169,2025-07,170,0
PT2169,2025-08,50,0
PT2169,2025-09,50,0
PT2169,2025-10,100,0
PT2169,2025-11,220,0
PT2169,2025-12,300,0
PT2169,2026-01,150,0
PT2169,2026-03,300,0
PT2169,2026-4,370,0
PT2169,2026-5,120,0
PT2169,2026-6,50,0
PT2169,2026-07,100,0
PT2995,2025-06,100,0
PT2995,2025-07,150,0
PT2995,2025-08,50,0
PT2995,2025-09,50,0
PT2995,2025-10,100,0
PT2995,2025-11,220,0
PT2995,2025-12,300,0
PT2995,2026-01,150,0
PT2995,2026-03,300,0
PT2995,2026-4,370,0
PT2995,2026-5,120,0
PT2995,2026-6,50,0
PT2995,2026-07,100,0
PT3200,2025-01,100,0
PT3200,2025-06,50,0
PT3200,2025-07,320,0
PT3200,2025-09,300,0
PT3200,2025-11,440,0
PT3200,2025-12,160,0
PT3200,2026-01,1350,0
PT3200,2026-02,50,0
PT3200,2026-03,50,0
PT3200,2026-4,720,0
PT3200,2026-6,100,0
PT3200,2026-07,850,0
PT3201,2025-01,100,0
PT3201,2025-06,50,0
PT3201,2025-07,320,0
PT3201,2025-09,300,0
PT3201,2025-11,440,0
PT3201,2025-12,160,0
PT3201,2026-01,1350,0
PT3201,2026-02,50,0
PT3201,2026-3,50,0
PT3201,2026-4,500,0
PT3201,2026-07,850,0
PT3202,2025-09,100,0
PT3202,2026-04,400,0
PT3203,2025-01,100,0
PT3203,2025-12,100,0
PT3203,2026-01,1350,0
PT3203,2026-04,220,0
PT3203,2026-6,100,0
PT3203,2026-07,750,0
PT4393,2025-06,50,0
PT4393,2025-07,320,0
PT4393,2025-09,100,0
PT4393,2025-11,440,0
PT4393,2025-12,60,0
PT4393,2026-2,50,0
PT4393,2026-3,50,0
PT4393,2026-04,100,0
PT4393,2026-07,100,0
PT4394,2025-06,50,0
PT4394,2025-07,320,0
PT4394,2025-09,100,0
PT4394,2025-11,440,0
PT4394,2025-12,60,0
PT4394,2026-2,50,0
PT4394,2026-03,50,0
PT4394,2026-04,100,0
PT4394,2026-07,100,0
PT4395,2025-06,50,0
PT4395,2025-07,320,0
PT4395,2025-09,100,0
PT4395,2025-11,440,0
PT4395,2025-12,60,0
PT4395,2026-02,50,0
PT4395,2026-03,50,0
PT4395,2026-04,100,0
PT4395,2026-07,100,0
PT1787,2025-9,500,0
PT1787,2025-10,250,0
PT1787,2025-11,1100,0
PT1787,2025-12,850,0
PT1787,2026-01,250,0
PT1787,2026-03,300,0
PT1787,2026-04,200,0
PT1787,2026-05,550,0
PT1787,2026-06,100,0
PT1787,2026-07,100,0
PT0501,2025-01,0,5
PT0501,2025-02,0,1
PT0501,2025-06,160,0
PT0501,2025-07,350,0
PT0501,2025-08,1850,0
PT0501,2025-9,353,0
PT0501,2025-10,240,0
PT0501,2025-11,120,0
PT0501,2025-12,992,0
PT0501,2026-01,750,0
PT0501,2026-02,50,0
PT0501,2026-04,170,0
PT0501,2026-05,150,0
PT0501,2026-06,280,0
PT0501,2026-07,100,0
PT4795,2026-04,440,0
PT4795,2026-05,425,0
PT4795,2026-06,1335,0
PT4795,2026-07,100,0
PT4792,2026-02,1450,0
PT4792,2026-03,1217,0
PT4792,2026-04,600,0
PT4792,2026-05,200,0
PT4792,2026-06,1250,0
PT4830,2026-05,75,0
PT4830,2026-06,372,0
PT4842,2026-05,75,0
PT4842,2026-06,372,0
PT4843,2026-05,75,0
PT4843,2026-06,50,0
PT4856,2026-03,320,0
PT4865,2026-03,320,0
PT4870,2026-03,320,0
PT5017,2026-06,107,0
PT5264,2026-04,150,0
PT5264,2026-05,50,0
PT5361,2026-05,156,0
PT5361,2026-06,515,0
PT5311,2026-05,50,0
PT5311,2026-06,250,0
PT5311,2026-07,50,0
PT5313,2026-05,50,0
PT5313,2026-06,50,0
PT5313,2026-07,250,0
PT5289,2026-04,240,0
PT5289,2026-05,220,0
PT5289,2026-06,100,0
PT5289,2026-07,90,0
PT4905,2026-06,207,0
PT4899,2026-05,150,0
PT4899,2026-06,107,0
PT4819,2026-05,500,0
PT4819,2026-06,550,0
PT4819,2026-07,600,0
PT5385,2026-05,325,0
PT5385,2026-07,500,0
PT5383,2026-05,1160,0
PT5383,2026-6,490,0
PT5383,2026-7,100,0
PT5309,2026-6,100,0
PT1617,2025-06,100,0
PT1617,2025-07,600,0
PT1617,2025-09,330,0
PT1617,2025-10,100,0
PT1617,2025-11,700,0
PT1617,2025-12,1085,3
PT1617,2026-01,402,0
PT1617,2026-02,100,0
PT1617,2026-03,329,0
PT1617,2026-04,850,0
PT1617,2026-05,300,0
PT5314,2026-05,200,0
PT5315,2026-05,100,0
PT5316,2026-05,200,0
PT5430,2026-06,300,0
PT5430,2026-7,100,0
PT5412,2026-06,492,0
PT5412,2026-7,200,0
PT5465,2026-6,492,0
PT5465,2026-07,200,0
PT5408,2026-06,200,0
PT5408,2026-07,270,0
PT1618,2025-12,0,3
PT4922,2025-08,371,0
PT4922,2025-10,255,0
PT4922,2025-11,20,0
PT4922,2026-1,50,0
PT4922,2026-06,125,0
PT1312,2025-07,400,0
PT1312,2025-08,220,0
PT1312,2025-09,740,0
PT1312,2025-10,829,0
PT1312,2025-11,100,0
PT1312,2025-12,900,0
PT1312,2026-01,450,0
PT1312,2026-02,103,0
PT1312,2026-03,314,0
PT1312,2026-4,400,0
PT1312,2026-5,1000,0
PT1312,2026-06,1400,0
PT1603,2025-06,1060,0
PT1603,2025-07,400,0
PT1603,2025-08,320,0
PT1603,2025-09,1530,0
PT1603,2025-10,540,0
PT1603,2025-12,730,0
PT1603,2026-01,600,0
PT1603,2026-02,1300,0
PT1603,2026-03,1310,0
PT1603,2026-04,220,0
PT1603,2026-6,300,0
PT1603,2026-7,1000,0
PT0895,2025-1,100,0
PT0895,2025-06,400,0
PT0895,2025-07,800,0
PT0895,2025-08,920,0
PT0895,2025-09,1770,0
PT0895,2025-10,800,0
PT0895,2025-11,1770,0
PT0895,2025-12,3510,0
PT0895,2026-01,1002,0
PT0895,2026-02,2452,0
PT0895,2026-03,2928,0
PT0895,2026-04,3520,0
PT0895,2026-5,920,0
PT0895,2026-6,600,0
PT0895,2026-07,1750,0
PT1317,2025-06,50,0
PT1317,2025-07,530,0
PT1317,2025-08,100,0
PT1317,2025-09,100,0
PT1317,2025-10,120,0
PT1317,2025-11,200,0
PT1317,2026-01,500,0
PT1317,2026-2,100,0
PT1317,2026-04,100,0
PT1317,2026-05,300,0
PT1317,2026-06,250,0
PT1314,2025-06,102,0
PT1314,2025-07,661,0
PT1314,2025-09,200,0
PT1314,2025-11,50,0
PT1314,2026-02,150,0
PT1314,2026-03,270,0
PT1314,2026-04,200,0
PT1314,2026-5,480,0
PT1314,2026-06,200,0
PT0988,2025-01,100,0
PT0988,2025-06,220,0
PT0988,2025-07,100,0
PT0988,2025-08,200,0
PT0988,2025-09,1000,0
PT0988,2025-12,100,0
PT0988,2026-3,200,0
PT1318,2025-1,200,0
PT1318,2025-06,878,0
PT1318,2025-07,1840,0
PT1318,2025-08,3875,0
PT1318,2025-09,5303,0
PT1318,2025-10,5270,0
PT1318,2025-11,4762,0
PT1318,2025-12,2320,0
PT1318,2026-01,2330,0
PT1318,2026-02,4450,0
PT1318,2026-03,5000,0
PT1318,2026-4,2701,0
PT1318,2026-5,1554,0
PT1318,2026-6,2796,0
PT1318,2026-07,650,0
PT1319,2025-06,50,0
PT1319,2025-07,600,0
PT1319,2025-09,200,0
PT1319,2025-10,1000,0
PT1319,2025-11,1300,0
PT1319,2025-12,400,0
PT1319,2026-01,200,0
PT1319,2026-02,250,0
PT1319,2026-03,400,0
PT1319,2026-4,65,0
PT1319,2026-5,530,0
PT1319,2026-6,570,0
PT1414,2025-06,150,0
PT1414,2025-07,750,0
PT1414,2025-08,1020,0
PT1414,2025-09,810,0
PT1414,2025-10,450,0
PT1414,2025-11,300,0
PT1414,2025-12,560,0
PT1414,2026-01,470,0
PT1414,2026-02,960,0
PT1414,2026-03,380,0
PT1414,2026-4,407,0
PT1414,2026-5,175,0
PT1414,2026-6,50,0
PT2300,2025-05,600,0
PT2300,2025-06,160,0
PT2300,2025-08,120,0
PT2300,2025-09,322,0
PT2300,2025-10,750,0
PT2300,2025-11,1200,0
PT2300,2025-12,762,0
PT2300,2026-01,200,0
PT2300,2026-3,340,0
PT2300,2026-4,200,0
PT2300,2026-5,200,0
PT2300,2026-07,40,0
PT3389,2025-06,100,0
PT3389,2025-08,250,0
PT3389,2025-9,890,0
PT3389,2025-10,2610,0
PT3389,2025-11,6514,0
PT3389,2025-12,7674,0
PT3389,2026-01,2250,0
PT3389,2026-2,1320,0
PT3389,2026-03,150,0
PT4723,2025-12,420,0
PT4723,2026-01,170,0
PT4723,2026-03,31,0
PT4723,2026-4,340,0
PT4723,2026-06,130,0
PT4723,2026-07,50,0
PT4724,2025-12,120,0
PT4724,2026-01,170,0
PT4724,2026-03,30,0
PT4724,2026-04,340,0
PT4724,2026-06,130,0
PT4725,2025-12,120,0
PT4725,2026-1,170,0
PT4725,2026-3,30,0
PT4725,2026-04,340,0
PT4725,2026-06,130,0
PT4707,2025-06,100,0
PT4707,2025-08,2970,0
PT4707,2025-09,1950,0
PT4707,2025-10,200,0
PT4707,2025-11,3300,0
PT4707,2025-12,1585,0
PT4707,2026-01,1746,0
PT4707,2026-02,18,0
PT4707,2026-03,1900,0
PT4707,2026-04,1470,0
PT4707,2026-05,600,0
PT4707,2026-6,600,0
PT1664,2025-3,0,2
PT1664,2025-4,0,4
PT1664,2025-05,0,5
PT1664,2025-06,0,4
PT1664,2025-07,0,4
PT1664,2025-08,0,5
PT1664,2025-09,0,4
PT1664,2025-10,0,5
PT1664,2025-11,0,4
PT1664,2025-12,0,3
PT1650,2025-3,0,2
PT1650,2025-4,0,4
PT1650,2025-05,0,5
PT1650,2025-06,0,4
PT1650,2025-07,0,4
PT1650,2025-08,0,5
PT1650,2025-09,0,4
PT1650,2025-10,0,5
PT1650,2025-11,0,4
PT1650,2025-12,0,3
PT1212,2025-05,0,1
PT1212,2025-06,0,4
PT1212,2025-07,0,4
PT1212,2025-8,0,5
PT1212,2025-9,0,4
PT1212,2025-10,0,5
PT1212,2025-11,0,4
PT1212,2025-12,0,4
PT1221,2025-07,0,1
PT1221,2025-8,0,5
PT1221,2025-9,0,4
PT1221,2025-10,0,5
PT1221,2025-11,0,4
PT1221,2025-12,0,4
PT1213,2025-07,0,1
PT1213,2025-08,0,5
PT1213,2025-09,0,4
PT1213,2025-10,0,5
PT1213,2025-11,0,4
PT1213,2025-12,0,4
PT2474,2025-02,0,1
PT2474,2025-03,0,2
PT2474,2025-05,0,1
PT2474,2025-06,0,4
PT2474,2025-07,0,4
PT2474,2025-08,0,5
PT2474,2025-09,0,2
PT1211,2025-03,0,2
PT1211,2025-4,0,4
PT1211,2025-5,0,5
PT1211,2025-06,0,4
PT1211,2025-07,0,3
PT1202,2025-01,0,3
PT1202,2025-03,0,1
PT1202,2025-07,0,1
PT1202,2025-08,0,3
PT1202,2025-10,0,5
PT1202,2025-11,0,4
PT1200,2025-02,0,1
PT1200,2025-03,0,3
PT1200,2025-5,0,1
PT1200,2025-6,0,4
PT1200,2025-7,0,4
PT1200,2025-08,0,3
PT1199,2025-05,0,3
PT1199,2025-06,0,4
PT1199,2025-7,0,4
PT1199,2025-08,0,3
PT1204,2025-10,0,5
PT1204,2025-11,0,4
PT1204,2025-12,0,4
PT4263,2025-1,0,3
PT4263,2025-2,0,4
PT4263,2025-09,0,2
PT4263,2025-10,0,4
PT1220,2025-9,0,4
PT1220,2025-10,0,5
PT1220,2025-11,0,2
PT1205,2025-09,0,4
PT1205,2025-10,0,5
PT1205,2025-11,0,2
PT4796,2025-06,0,4
PT4796,2025-07,0,4
PT4796,2025-12,0,3
PT0804,2025-01,0,3
PT0804,2025-02,0,4
PT0804,2025-03,0,3
PT0806,2025-01,0,3
PT0806,2025-02,0,4
PT0806,2025-03,0,3
PT0797,2025-01,0,3
PT0797,2025-02,0,4
PT0797,2025-03,0,3
PT0789,2025-01,0,3
PT0789,2025-02,0,4
PT0789,2025-03,0,3
PT0805,2025-01,0,3
PT0805,2025-02,0,4
PT0805,2025-03,0,3
PT0814,2025-01,0,3
PT0814,2025-2,0,4
PT0814,2025-3,0,3
PT0808,2025-01,0,3
PT0808,2025-2,0,4
PT0808,2025-03,0,3
PT0807,2025-01,0,3
PT0807,2025-2,0,4
PT0807,2025-3,0,3
PT5103,2025-11,0,4
PT5103,2025-12,0,2
PT4262,2025-09,0,2
PT4262,2025-10,0,4
PT4680,2025-02,0,3
PT4680,2025-03,0,2
PT3149,2025-11,0,4
PT3149,2025-12,0,1
PT4681,2025-02,0,3
PT4681,2025-03,0,2
PT4679,2025-02,0,3
PT4679,2025-03,0,2
PT0714,2025-06,0,2
PT0714,2025-07,0,2
PT1164,2025-04,0,1
PT1164,2025-05,0,3
PT1163,2025-04,0,1
PT1163,2025-05,0,3
PT1162,2025-04,0,1
PT1162,2025-05,0,3
PT0713,2025-06,0,2
PT0713,2025-07,0,2
PT3442,2025-06,0,2
PT3442,2025-7,0,2
PT3007,2025-06,0,2
PT3007,2025-7,0,2
PT4900,2025-9,0,3
PT4901,2025-09,0,3
PT1682,2025-1,0,3
PT1685,2025-01,0,3
PT1684,2025-01,0,3
PT1203,2025-11,0,2
PT4657,2025-04,0,2
PT4332,2025-10,0,2
PT2803,2025-11,0,2
PT3267,2025-09,0,2
PT3086,2025-12,0,2
PT3268,2025-09,0,2
PT1024,2025-06,0,1
PT3446,2025-03,0,1