Goods Name,Goods Code,굿즈 Status,출시일,졸업일,출시예정일
Advent 굿즈박스,AVBX,판매중,2023-07-21,,
Basket 패키지,BSKP,판매중,2020-04-09,,
BLANK 칫솔살균기,UVBR,판매중,2019-06-10,,
BrandFit 커스텀 쇼핑백,BFSB,판매중,2024-07-31,,2024-07-31
Carry me 와인잔,CMWG,판매중,2021-03-19,,
Display 스트랩 박스,TWKT,판매중,2026-06-19,,
ECO 페이퍼박스,ECPB,판매중,2021-03-18,,
HighLight 슬라이드 지퍼백,HLSZ,판매중,2025-03-21,,2025-03-21
KeepSafe 안전봉투,SFPP,판매중,2019-11-21,,
Lite 스트랩 박스,TWKF,판매중,2026-05-22,,
MiiR 텀블러,MIRT,판매중,2020-11-19,,
Motion 스탠다드 박스,MBST,판매중,2024-09-13,,2024-09-13
Motion 커스텀 박스,MBCT,판매중,2024-10-11,,
Open 페이퍼박스,OPPB,판매중,2020-09-25,,
Passion 더스트백,DBAG,판매중,2018-10-26,,
Quality 슬리브 박스,SLVB,판매중,2019-08-28,,
Raw 코튼 파우치,RCPC,판매중,2021-03-22,,
Reinvent 박스,RIVT,판매중,2020-09-09,,
Solid 스탠다드 G형 박스,DRCG,판매중,2020-02-17,,
Solid 커스텀 G형 박스,SCGB,판매중,2025-04-24,,
Start 틴케이스,TNCS,판매중,2018-10-26,,
Stationery 페이퍼박스,STBX,판매중,2023-09-20,,
Storage 펄프 박스,STPB,판매중,2024-04-26,,2024-04-26
Tailored 스트랩 박스,TILD,판매중,2022-09-30,,2022-09-29
Vivid 스트링 파우치 ,FJRG,판매중,2026-09-18,,
Window 스트랩 박스,TWKB,판매중,2026-07-23,,
굿데이 볼캡,GDEB,판매중,2024-05-14,,2024-04-30
굿스타트 슈즈백,GSSH,판매중,2023-06-20,,2023-06-08
굿이너프 비치타월,BCTW,판매중,2018-08-07,,
굿타임 봉제 오너먼트,BOCM,판매 준비,,,
굿포인트 북마크,BKFP,판매중,2026-09-10,,
그래픽 에코백,GPEB,판매중,2018-12-28,,
그래픽배너 대용량 보조배터리,GBBT,판매중,2024-08-22,,2024-08-22
그로우 북라이트,BMLT,판매중,2026-07-21,,
그립-잇,GRIT,판매중,2019-06-12,,
글로시 키링,GKEY,판매중,2020-03-25,,
낫씽 설거지비누,QWER,판매중,2022-03-30,,2022-03-28
내추럴 노트,NTRN,판매중,2021-08-09,,
노트북 스탠드패드,NSTP,판매중,2020-09-08,,
더블업 트래블 파우치,DTPL,판매중,2023-05-19,,2023-05-19
데스크테리어 매트,DSKT,판매중,2022-01-17,,2022-01-11
데일리 짐색,DLYG,판매중,2024-05-31,,2024-05-31
데일리 칫솔살균기 | 아이리버,DLYC,판매중,2026-03-06,,
데코 스티커,DECO,판매중,2022-05-24,,2022-07-07
드레스업 손거울,DRSU,판매중,2022-06-24,,2022-07-07
디스플레이 피규어 세트,DPFG,판매중,2024-11-22,,
디자이너 노트,DSGN,판매중,2018-09-21,,
디테일 드라이버 키트,DTDK,판매중,2019-11-22,,
라미 사파리 펜,LAMY,판매중,2021-02-09,,
라운드 밤부 칫솔,RBTB,판매중,2021-05-19,,
라이트 샤오미펜,LXMP,판매중,2024-12-26,,
라이트 캘린더,LTCL,판매중,2024-06-28,,
레더스킨 다이어리,LSKD,판매중,2021-08-03,,
레디고 런치박스,RDGL,판매중,2023-03-24,,2023-03-24
레터링 유리머그,LTLU,품절,2022-05-19,,2022-05-20
로고스트랩 파우치,LOPU,판매중,2020-10-07,,
리마커블 칫솔살균기,RMKB,판매중,2022-01-28,,2022-01-28
리멤버 타투스티커,TTSK,판매중,2023-09-12,,
리멤버 탁상시계,RMBT,판매중,2024-08-06,,
리유저블 캘린더,RUCD,판매중,2021-09-13,,
리틀빅 리유저블컵,LTBR,판매중,2022-07-27,,2022-07-27
린넨메쉬스트링파우치,LNMS,판매중,2022-03-30,,
릴리프 눈마사지기,EMSG,판매중,2021-01-25,,
마이오피스 피규어 세트 ,BROF,판매중,2026-05-27,,
마이타입 4-Way 백팩,BAGG,판매중,2026-07-16,,
매트블랙 텀블러,MTTB,판매중,2019-03-01,,
맥세이프블루투스스피커,FFCS,판매 준비,,,
메시지 캐리어 파우치,MSGC,판매중,2022-10-06,,2022-10-06
모뉴먼트 블랙 트로피,MNBT,판매중,2025-11-26,,
모먼트 골드스파클,MGOL,품절,2026-03-05,,
모먼트 일회용 카메라,FCAM,판매중,2023-07-06,,
모바일 오피스 파우치,MOFP,판매중,2020-08-26,,
모바일 오피스 파우치 2.0,MOSL,판매중,2026-03-11,,
몰스킨 다이어리,MOLD,판매중,2025-08-07,,
몰스킨 데일리 노트,MOLN,판매중,2025-08-05,,
무드등충전시계 ,FFML,판매 준비,,,
뮤지엄 머그,MMUG,판매중,2019-08-01,,
미니가든 피규어 세트,ISGK,판매중,2021-02-23,,
미니멀 스텐머그,MSTM,판매중,2023-04-28,,2023-04-28
미니미 봉제인형 키링,BONG,판매 준비,,,
미니어처 NFC 키링,MNFC,판매중,2026-02-27,,
미스트 워터보틀,MIST,판매중,2024-02-29,,
밀크 에코컵,MKEC,판매중,2025-03-25,,2025-03-25
밋업 마그넷 배터리,BATT,판매 준비,,,
바이브 캠핑쿨러,VBCC,판매중,2023-06-09,,2023-05-30
밸류 메모큐브,VMCB,판매중,2021-04-30,,
밸류 무선충전 마우스패드,SMMP,판매중,2025-02-03,,2025-02-03
밸류보드 다이어리,VABD,판매중,2020-08-06,,
버티컬 무선충전패드,VWPD,판매중,2020-08-11,,
베러댄 텀블러 ,BTST,판매중,2026-07-31,,
베이직 노트북 슬리브,LTSV,판매중,2026-09-04,,
베이직 무선충전 마우스패드,BMMP,판매중,2025-01-23,,2025-01-23
베케이션 여권케이스,VCIT,판매중,2022-06-15,,2022-06-15
브랜드 스트랩 단우산,BRSU,판매중,2019-09-27,,
브랜드-잇,BRDT,판매중,2018-12-04,,
브랜드에그,BRDE,판매 준비,,,
브랜드팝 클리어 키링,BCAK,판매중,2024-12-23,,2024-12-18
브랜디드 노트북백,BRDD,판매중,2022-04-21,,2022-04-21
브랜디드 타월,BDTW,판매중,2025-05-23,,
브랜디드 피규어,BRPR,판매중,2024-10-16,,2025-01-16
브랜디드 피규어 키링,BRPK,판매중,2025-02-20,,
브릭 메모&캘린더 스탠드2.0,BMVS,판매중,2026-02-13,,
브릭스탠드 멀티충전기,BSMC,판매중,2025-08-05,,
블랙쇼핑백,BSPB,판매중,2025-11-26,,
비주얼핏 키캡키링,KYCP,판매중,2026-06-11,,
샤인 미러 키링,SMAK,판매중,2024-12-26,,2024-12-20
세이프라이프 차량용소화기,TCFE,판매중,2022-01-11,,
센텐스 펜,STCP,판매중,2021-06-15,,2022-08-11
셀렉티브 전동오프너&와인잔 세트,WWST,판매중,2024-11-07,,2024-10-24
소프트그립 블랙 펜,PENN,판매중,2026-08-21,,
솔리드 레디백,SORB,판매중,2026-04-15,,
쇼케이스 클리어 박스,PER,판매 준비,,,
슈가케인 텀블러,SGCN,판매중,2023-01-09,,2023-01-06
슈가케인 펜,SCPN,판매중,2021-05-21,,2022-04-14
스타일 수면안대,STSM,판매중,2021-04-15,,
스타트 씨드키트,SEED,판매중,2022-02-25,,2022-02-28
스탠드-업 칫솔,STTB,판매중,2019-08-26,,
스탠딩 휴대용 선풍기,STPF,판매중,2024-03-29,,2024-03-29
스탠리 데일리 텀블러,STLD,판매중,2024-10-31,,
스탠리 슬림 보틀,STLS,판매중,2024-11-01,,
스탠바이 360 허브스탠드,FFTT,판매중,2026-08-27,,
스탠바이 빅팬선풍기,FANB,판매중,2026-04-14,,
스테이 텀블러,TMBS,판매중,2026-02-13,,
스테인리스 빨대 세트,STSW,판매중,2019-03-01,,
스트레치 사원증 홀더,STHD,판매중,2021-09-02,,
스펙트럼 컬러펜,SPCP,판매중,2019-02-25,,2022-06-22
슬로건 다이어리,SLGN,판매중,2018-08-01,,
슬로건 맨투맨,SMTM,판매중,2024-01-25,,2023-10-05
슬림 터보 선풍기,FANC,판매중,2026-04-17,,
시그니처 다이어리,SGND,판매중,2024-07-19,,2024-07-19
실버팩,SLVP,판매중,2020-03-30,,
심볼 NFC 키링,NFCA,판매중,2026-03-25,,
심볼 아크릴 트로피,ACTP,판매중,2025-06-30,,
심볼릭 샤프 & 형광펜 세트 | 스테들러,STDL,판매중,2024-07-26,,2024-07-26
썸네일 캘린더,TNCL,판매중,2021-09-03,,
아너 월넛 트로피 ,HNWT,판매중,2025-11-28,,
아이덴티티 스티커팩,IDTT,판매중,2026-01-29,,
아이콘 케이블홀더 세트,MGNC,판매중,2025-05-21,,2025-05-16
아이콘 펜,IIKP,판매중,2022-09-20,,2022-09-20
아임히어 리플렉터 키링,IMHE,판매중,2025-08-26,,
아쿠아 마스크,ISKM,판매중,2023-05-26,2025-12-31,2023-05-26
아트워크 레더 다이어리,ATWK,판매중,2022-07-25,,2022-07-22
아트워크 타월,AWTW,판매중,2026-03-31,,
애니웨어 센티드카드,SCRD,판매 준비,2026-09-28,,
애드온 뱃지,AOBG,판매중,2020-10-19,,
액티브 스포츠타월,SPTS,판매중,2023-10-26,,
어드벤스 3단 자동우산,ATAU,판매중,2025-08-12,,2025-08-06
어반 스텐 런치박스 ,USLB,판매중,2026-04-27,,
어썸그립,AXGR,판매중,2020-11-02,,
어텐션 스포츠 보틀,ATSB,판매중,2023-05-08,,2023-05-08
에디션 골프공 & 볼마커 6구 세트,EDGB,판매중,2021-09-24,,
에디트 캘린더,EDCD,판매중,2019-08-28,,
에브리 폴더블 멀티충전기,CHTW,판매중,2026-06-01,,
에브리웨어 북커버백,BCBD,판매중,2026-09-30,,
에센셜 와인오프너 세트,ESWO,판매중,2024-11-07,,2024-10-24
에센셜 장우산,GENH,판매중,2024-09-03,,2024-08-29
오아시스 미니 마사지건,OMMG,판매중,2025-11-24,,2025-08-22
오토매틱 와인오프너,ATWO,판매중,2019-12-05,,2022-02-23
오프닝 레터,SCAD,판매 준비,,,
오피스 마우스패드,OFMP,판매중,2019-11-01,,
올 블랙 펜,ALBP,판매중,2019-08-23,,
올데이 텀블러,ADYT,판매중,2024-05-30,,2024-05-30
올라운더 차량용 청소기,FFAD,판매 준비,,,
올웨이즈 양우산,ALUM,판매중,2023-08-08,,
와이드클립 펜,WIDC,판매중,2024-06-11,,
워크데이 런치백,TVLB,판매중,2026-07-20,,
월드 오브 피규어 Set,WOFS,판매중,2021-09-09,,
월드와이드 멀티어댑터,WWMA,판매중,2025-03-12,,
웜업 스트링 후드집업,WZIP,판매중,2023-10-11,,
위시 오브제 캔들,OJCD,판매중,2023-10-17,,2023-10-13
유니크 디퓨저,UNDF,판매중,2018-12-11,,
인마이백 피크닉매트,KRDJ,판매중,2024-01-30,,2024-01-30
임팩트 슬로건타월,IPST,판매중,2025-02-26,,2025-02-26
주차번호판 피규어세트,FGPS,판매중,2024-03-12,,2024-03-12
챔피언 피규어 트로피,CFTP,판매중,2025-06-27,,
칠링패드 냉각선풍기,CPNF,판매중,2025-03-31,,2025-03-31
카드트레이 피규어 세트,CTPS,판매중,2025-04-16,,
커넥트 6in1 케이블키트,CCKT,판매중,2025-10-23,,2025-09-29
컬러풀 노트패드,CNPD,판매중,2018-12-26,,
컬러풀 노트패드(블랙),CNPB,판매중,2019-04-01,,
컴패니언 노트,BOOK,판매중,2026-08-25,,
컴포트 스텐머그 ,UMUG,판매중,2026-02-13,,
퀵 버튼링 노트,QBRN,판매중,2023-09-04,,
퀵차지 도킹형 보조배터리,QUIC,판매중,2024-08-13,,
크리스마스 피규어 세트 ,CRSM,판매 준비,2026-10-15,,
클라우드 피크닉매트,PCMT,판매중,2019-04-01,,
클래시 차량용 방향제,CCAF,판매중,2021-08-17,,
클로저 휴대폰 스트랩,CHST,판매중,2025-11-05,,
클리어 리유저블컵,CLRU,판매중,2022-02-10,,2022-02-08
클립 아트펜,CLIP,판매중,2020-04-29,,
킵세이프 마그넷 배터리 Lite,KSEP,판매중,2025-09-25,,
킵세이프 마그넷 배터리 Max,KSBM,판매중,2025-09-25,,
킵세이프 마그넷 배터리 Slim,KSMB,판매중,2025-05-30,,
테크 미니 파우치,TCMP,판매중,2024-02-23,,
톤앤톤 쿨러백,TTCB,판매중,2021-05-11,,
투페이스 쿠션담요,DYCH,판매 준비,2026-10-02,,
트래블 2in1 목베개,NKPL,판매중,2023-09-21,,2023-08-25
트리플 컬러펜 | JETSTREAM,TRPC,판매중,2022-07-14,,2022-07-14
파워업 PD 충전기 65W,PUPD,판매중,2025-06-20,,2025-06-20
파카 IM 만년필,PKIM,판매중,2025-10-02,,
파카 조터 XL 볼펜,PKJT,판매중,2025-09-30,,
팝업스토어 피규어 세트,MSFG,판매중,2024-11-22,,
퍼 블랭킷,FUBL,판매중,2019-10-01,,
페어링 캘린더 ,CALD,판매중,2026-08-19,,
페이머스 캡슐보틀,FACB,판매중,2020-04-01,2025-12-31,
페이퍼 샤쉐,PSCH,판매중,2019-02-12,,
페이퍼링 캘린더,PIPR,판매중,2022-08-26,,2022-08-26
펜홀더 피규어 세트,BRPH,판매중,2026-06-04,,
펠트 스트링 파우치,FTST,판매중,,,
펠트백,FTBG,판매중,2022-04-07,,
펠트스트링파우치,FSPC,판매중,2020-11-18,,
포시즌 블랭킷,FSBL,판매중,2020-12-08,,
포시즌 티셔츠,FTSH,판매중,2023-05-16,,2023-05-16
포켓 마켓백,PKMK,판매중,2023-03-31,,2023-03-31
포켓크루 메모세트,MNTP,판매중,2026-09-23,,
폴더블 텀블러,FOLC,판매중,2020-06-01,,
풀커버 스티치 노트,FCSN,판매중,2024-09-27,,
풀커버 스프링노트,FCSP,판매중,2020-05-29,,
프라우드 메모패드,PMPB,판매중,2023-08-28,,
프라우드 투톤 명함지갑,TWTO,판매중,2021-09-06,,
프라임 폴더블 멀티충전기,PRMF,판매중,2024-06-14,,2024-06-11
프레젠트 골프공 3구,PSGB,판매중,2021-02-05,,
프리미엄 린넨샤쉐,LSCH,판매중,2019-08-29,,
프리미엄 스트링 후드집업,ODHZ,판매중,2020-11-18,,
프리패스 캐리어저울,FFTS,판매 준비,,,
플라워 피규어 방향제 ,FLWO,판매중,2026-06-15,,
플러스 멀티충전 스테이션,PLSM,판매중,2024-08-08,,2024-07-30
플레인 도킹형 배터리 ,CDLB,판매 준비,2026-10-21,,
픽미 핸들 텀블러 ,PMHT,판매중,2026-07-29,,
하우스 핸드타월,HHTW,판매중,2026-04-20,,
하이업 노트북 폴딩스탠드,HIUN,판매중,2024-06-26,,2024-06-19
하이킹 폴딩방석,HIKF,판매중,2022-09-30,,2022-09-07
해피웨이 런치백,HWDG,판매중,2025-03-06,,2025-02-28
핸디링 미니 선풍기,HDRM,판매중,2024-04-05,,2024-04-05
헬로 카드형 USB,HUSB,판매중,2024-11-22,,2024-11-22
홀리데이 네임택,HLDN,판매중,2024-06-21,,2024-06-21
홈카페 코스터,HCCO,판매중,2021-06-03,,
화이트쇼핑백,WSPB,판매중,2021-06-29,,
히트업 손난로 보조배터리,HTUS,판매중,2024-09-12,,2024-09-12
